table_ref,doc_id,ticker,report_year,scope,source_unit,row_index,column_index,row_label,column_label,raw_value,numeric_value,base_value,is_dash,is_missing
VIB_financial_statements_2022_separate|table_101,VIB_financial_statements_2022_separate,VIB,2022,separate,MILLION_VND,0,0,Tại ngày 31 tháng 12 năm 2021,"Ngân hàng thương mại cổ phần Quốc Tế Việt NamTầng 1 (Tầng trệt) và Tầng 2 Toà nhà Sailing Tower, Số 111A Pasteur, Phường Bến Nghé, Quận 1Thành phố Hồ Chí Minh, Việt NamThuyết minh báo cáo tài chính riêng cho năm kết thúc ngày 31 tháng 12 năm 2022 (tiếp theo)",Tại ngày 31 tháng 12 năm 2021,,,False,False
VIB_financial_statements_2022_separate|table_101,VIB_financial_statements_2022_separate,VIB,2022,separate,MILLION_VND,0,1,Tại ngày 31 tháng 12 năm 2021,"Ngân hàng thương mại cổ phần Quốc Tế Việt NamTầng 1 (Tầng trệt) và Tầng 2 Toà nhà Sailing Tower, Số 111A Pasteur, Phường Bến Nghé, Quận 1Thành phố Hồ Chí Minh, Việt NamThuyết minh báo cáo tài chính riêng cho năm kết thúc ngày 31 tháng 12 năm 2022 (tiếp theo) | Quá hạnTriệu VND",-,0.0,0.0,True,False
VIB_financial_statements_2022_separate|table_101,VIB_financial_statements_2022_separate,VIB,2022,separate,MILLION_VND,0,2,Tại ngày 31 tháng 12 năm 2021,"Ngân hàng thương mại cổ phần Quốc Tế Việt NamTầng 1 (Tầng trệt) và Tầng 2 Toà nhà Sailing Tower, Số 111A Pasteur, Phường Bến Nghé, Quận 1Thành phố Hồ Chí Minh, Việt NamThuyết minh báo cáo tài chính riêng cho năm kết thúc ngày 31 tháng 12 năm 2022 (tiếp theo) | Khônghuống lãiTriệu VND",1.521.561,1521561.0,1521561000000.0,False,False
VIB_financial_statements_2022_separate|table_101,VIB_financial_statements_2022_separate,VIB,2022,separate,MILLION_VND,0,3,Tại ngày 31 tháng 12 năm 2021,"Ngân hàng thương mại cổ phần Quốc Tế Việt NamTầng 1 (Tầng trệt) và Tầng 2 Toà nhà Sailing Tower, Số 111A Pasteur, Phường Bến Nghé, Quận 1Thành phố Hồ Chí Minh, Việt NamThuyết minh báo cáo tài chính riêng cho năm kết thúc ngày 31 tháng 12 năm 2022 (tiếp theo) | Dưới1 thángTriệu VND",-,0.0,0.0,True,False
VIB_financial_statements_2022_separate|table_101,VIB_financial_statements_2022_separate,VIB,2022,separate,MILLION_VND,0,4,Tại ngày 31 tháng 12 năm 2021,"Ngân hàng thương mại cổ phần Quốc Tế Việt NamTầng 1 (Tầng trệt) và Tầng 2 Toà nhà Sailing Tower, Số 111A Pasteur, Phường Bến Nghé, Quận 1Thành phố Hồ Chí Minh, Việt NamThuyết minh báo cáo tài chính riêng cho năm kết thúc ngày 31 tháng 12 năm 2022 (tiếp theo) | Từ 1 đến3 thángTriệu VND",-,0.0,0.0,True,False
VIB_financial_statements_2022_separate|table_101,VIB_financial_statements_2022_separate,VIB,2022,separate,MILLION_VND,0,5,Tại ngày 31 tháng 12 năm 2021,"Ngân hàng thương mại cổ phần Quốc Tế Việt NamTầng 1 (Tầng trệt) và Tầng 2 Toà nhà Sailing Tower, Số 111A Pasteur, Phường Bến Nghé, Quận 1Thành phố Hồ Chí Minh, Việt NamThuyết minh báo cáo tài chính riêng cho năm kết thúc ngày 31 tháng 12 năm 2022 (tiếp theo) | Từ 3 đến6 thángTriệu VND",-,0.0,0.0,True,False
VIB_financial_statements_2022_separate|table_101,VIB_financial_statements_2022_separate,VIB,2022,separate,MILLION_VND,0,6,Tại ngày 31 tháng 12 năm 2021,"Ngân hàng thương mại cổ phần Quốc Tế Việt NamTầng 1 (Tầng trệt) và Tầng 2 Toà nhà Sailing Tower, Số 111A Pasteur, Phường Bến Nghé, Quận 1Thành phố Hồ Chí Minh, Việt NamThuyết minh báo cáo tài chính riêng cho năm kết thúc ngày 31 tháng 12 năm 2022 (tiếp theo) | Từ 6 đến12 thángTriệu VND",-,0.0,0.0,True,False
VIB_financial_statements_2022_separate|table_101,VIB_financial_statements_2022_separate,VIB,2022,separate,MILLION_VND,0,7,Tại ngày 31 tháng 12 năm 2021,"Ngân hàng thương mại cổ phần Quốc Tế Việt NamTầng 1 (Tầng trệt) và Tầng 2 Toà nhà Sailing Tower, Số 111A Pasteur, Phường Bến Nghé, Quận 1Thành phố Hồ Chí Minh, Việt NamThuyết minh báo cáo tài chính riêng cho năm kết thúc ngày 31 tháng 12 năm 2022 (tiếp theo) | Từ 1 đến5 nămTriệu VND",-,0.0,0.0,True,False
VIB_financial_statements_2022_separate|table_101,VIB_financial_statements_2022_separate,VIB,2022,separate,MILLION_VND,0,8,Tại ngày 31 tháng 12 năm 2021,"Ngân hàng thương mại cổ phần Quốc Tế Việt NamTầng 1 (Tầng trệt) và Tầng 2 Toà nhà Sailing Tower, Số 111A Pasteur, Phường Bến Nghé, Quận 1Thành phố Hồ Chí Minh, Việt NamThuyết minh báo cáo tài chính riêng cho năm kết thúc ngày 31 tháng 12 năm 2022 (tiếp theo) | Trên 5 nămTriệu VND",-,0.0,0.0,True,False
VIB_financial_statements_2022_separate|table_101,VIB_financial_statements_2022_separate,VIB,2022,separate,MILLION_VND,0,9,Tại ngày 31 tháng 12 năm 2021,"Ngân hàng thương mại cổ phần Quốc Tế Việt NamTầng 1 (Tầng trệt) và Tầng 2 Toà nhà Sailing Tower, Số 111A Pasteur, Phường Bến Nghé, Quận 1Thành phố Hồ Chí Minh, Việt NamThuyết minh báo cáo tài chính riêng cho năm kết thúc ngày 31 tháng 12 năm 2022 (tiếp theo) | Tổng cộngTriệu VND",1.521.561,1521561.0,1521561000000.0,False,False
VIB_financial_statements_2022_separate|table_101,VIB_financial_statements_2022_separate,VIB,2022,separate,MILLION_VND,0,10,Tại ngày 31 tháng 12 năm 2021,"Ngân hàng thương mại cổ phần Quốc Tế Việt NamTầng 1 (Tầng trệt) và Tầng 2 Toà nhà Sailing Tower, Số 111A Pasteur, Phường Bến Nghé, Quận 1Thành phố Hồ Chí Minh, Việt NamThuyết minh báo cáo tài chính riêng cho năm kết thúc ngày 31 tháng 12 năm 2022 (tiếp theo)__2",,,,False,True
VIB_financial_statements_2022_separate|table_101,VIB_financial_statements_2022_separate,VIB,2022,separate,MILLION_VND,1,0,Tiền mặt và vàng,"Ngân hàng thương mại cổ phần Quốc Tế Việt NamTầng 1 (Tầng trệt) và Tầng 2 Toà nhà Sailing Tower, Số 111A Pasteur, Phường Bến Nghé, Quận 1Thành phố Hồ Chí Minh, Việt NamThuyết minh báo cáo tài chính riêng cho năm kết thúc ngày 31 tháng 12 năm 2022 (tiếp theo)",Tiền mặt và vàng,,,False,False
VIB_financial_statements_2022_separate|table_101,VIB_financial_statements_2022_separate,VIB,2022,separate,MILLION_VND,1,1,Tiền mặt và vàng,"Ngân hàng thương mại cổ phần Quốc Tế Việt NamTầng 1 (Tầng trệt) và Tầng 2 Toà nhà Sailing Tower, Số 111A Pasteur, Phường Bến Nghé, Quận 1Thành phố Hồ Chí Minh, Việt NamThuyết minh báo cáo tài chính riêng cho năm kết thúc ngày 31 tháng 12 năm 2022 (tiếp theo) | Quá hạnTriệu VND",-,0.0,0.0,True,False
VIB_financial_statements_2022_separate|table_101,VIB_financial_statements_2022_separate,VIB,2022,separate,MILLION_VND,1,2,Tiền mặt và vàng,"Ngân hàng thương mại cổ phần Quốc Tế Việt NamTầng 1 (Tầng trệt) và Tầng 2 Toà nhà Sailing Tower, Số 111A Pasteur, Phường Bến Nghé, Quận 1Thành phố Hồ Chí Minh, Việt NamThuyết minh báo cáo tài chính riêng cho năm kết thúc ngày 31 tháng 12 năm 2022 (tiếp theo) | Khônghuống lãiTriệu VND",20.321.517,20321517.0,20321517000000.0,False,False
VIB_financial_statements_2022_separate|table_101,VIB_financial_statements_2022_separate,VIB,2022,separate,MILLION_VND,1,3,Tiền mặt và vàng,"Ngân hàng thương mại cổ phần Quốc Tế Việt NamTầng 1 (Tầng trệt) và Tầng 2 Toà nhà Sailing Tower, Số 111A Pasteur, Phường Bến Nghé, Quận 1Thành phố Hồ Chí Minh, Việt NamThuyết minh báo cáo tài chính riêng cho năm kết thúc ngày 31 tháng 12 năm 2022 (tiếp theo) | Dưới1 thángTriệu VND",4.569.193,4569193.0,4569193000000.0,False,False
VIB_financial_statements_2022_separate|table_101,VIB_financial_statements_2022_separate,VIB,2022,separate,MILLION_VND,1,4,Tiền mặt và vàng,"Ngân hàng thương mại cổ phần Quốc Tế Việt NamTầng 1 (Tầng trệt) và Tầng 2 Toà nhà Sailing Tower, Số 111A Pasteur, Phường Bến Nghé, Quận 1Thành phố Hồ Chí Minh, Việt NamThuyết minh báo cáo tài chính riêng cho năm kết thúc ngày 31 tháng 12 năm 2022 (tiếp theo) | Từ 1 đến3 thángTriệu VND",-,0.0,0.0,True,False
VIB_financial_statements_2022_separate|table_101,VIB_financial_statements_2022_separate,VIB,2022,separate,MILLION_VND,1,5,Tiền mặt và vàng,"Ngân hàng thương mại cổ phần Quốc Tế Việt NamTầng 1 (Tầng trệt) và Tầng 2 Toà nhà Sailing Tower, Số 111A Pasteur, Phường Bến Nghé, Quận 1Thành phố Hồ Chí Minh, Việt NamThuyết minh báo cáo tài chính riêng cho năm kết thúc ngày 31 tháng 12 năm 2022 (tiếp theo) | Từ 3 đến6 thángTriệu VND",-,0.0,0.0,True,False
VIB_financial_statements_2022_separate|table_101,VIB_financial_statements_2022_separate,VIB,2022,separate,MILLION_VND,1,6,Tiền mặt và vàng,"Ngân hàng thương mại cổ phần Quốc Tế Việt NamTầng 1 (Tầng trệt) và Tầng 2 Toà nhà Sailing Tower, Số 111A Pasteur, Phường Bến Nghé, Quận 1Thành phố Hồ Chí Minh, Việt NamThuyết minh báo cáo tài chính riêng cho năm kết thúc ngày 31 tháng 12 năm 2022 (tiếp theo) | Từ 6 đến12 thángTriệu VND",-,0.0,0.0,True,False
VIB_financial_statements_2022_separate|table_101,VIB_financial_statements_2022_separate,VIB,2022,separate,MILLION_VND,1,7,Tiền mặt và vàng,"Ngân hàng thương mại cổ phần Quốc Tế Việt NamTầng 1 (Tầng trệt) và Tầng 2 Toà nhà Sailing Tower, Số 111A Pasteur, Phường Bến Nghé, Quận 1Thành phố Hồ Chí Minh, Việt NamThuyết minh báo cáo tài chính riêng cho năm kết thúc ngày 31 tháng 12 năm 2022 (tiếp theo) | Từ 1 đến5 nămTriệu VND",-,0.0,0.0,True,False
VIB_financial_statements_2022_separate|table_101,VIB_financial_statements_2022_separate,VIB,2022,separate,MILLION_VND,1,8,Tiền mặt và vàng,"Ngân hàng thương mại cổ phần Quốc Tế Việt NamTầng 1 (Tầng trệt) và Tầng 2 Toà nhà Sailing Tower, Số 111A Pasteur, Phường Bến Nghé, Quận 1Thành phố Hồ Chí Minh, Việt NamThuyết minh báo cáo tài chính riêng cho năm kết thúc ngày 31 tháng 12 năm 2022 (tiếp theo) | Trên 5 nămTriệu VND",-,0.0,0.0,True,False
VIB_financial_statements_2022_separate|table_101,VIB_financial_statements_2022_separate,VIB,2022,separate,MILLION_VND,1,9,Tiền mặt và vàng,"Ngân hàng thương mại cổ phần Quốc Tế Việt NamTầng 1 (Tầng trệt) và Tầng 2 Toà nhà Sailing Tower, Số 111A Pasteur, Phường Bến Nghé, Quận 1Thành phố Hồ Chí Minh, Việt NamThuyết minh báo cáo tài chính riêng cho năm kết thúc ngày 31 tháng 12 năm 2022 (tiếp theo) | Tổng cộngTriệu VND",24.890.710,24890710.0,24890710000000.0,False,False
VIB_financial_statements_2022_separate|table_101,VIB_financial_statements_2022_separate,VIB,2022,separate,MILLION_VND,1,10,Tiền mặt và vàng,"Ngân hàng thương mại cổ phần Quốc Tế Việt NamTầng 1 (Tầng trệt) và Tầng 2 Toà nhà Sailing Tower, Số 111A Pasteur, Phường Bến Nghé, Quận 1Thành phố Hồ Chí Minh, Việt NamThuyết minh báo cáo tài chính riêng cho năm kết thúc ngày 31 tháng 12 năm 2022 (tiếp theo)__2",,,,False,True
VIB_financial_statements_2022_separate|table_101,VIB_financial_statements_2022_separate,VIB,2022,separate,MILLION_VND,2,0,Tiền gửi tại NHNNVN,"Ngân hàng thương mại cổ phần Quốc Tế Việt NamTầng 1 (Tầng trệt) và Tầng 2 Toà nhà Sailing Tower, Số 111A Pasteur, Phường Bến Nghé, Quận 1Thành phố Hồ Chí Minh, Việt NamThuyết minh báo cáo tài chính riêng cho năm kết thúc ngày 31 tháng 12 năm 2022 (tiếp theo)",Tiền gửi tại NHNNVN,,,False,False
VIB_financial_statements_2022_separate|table_101,VIB_financial_statements_2022_separate,VIB,2022,separate,MILLION_VND,2,1,Tiền gửi tại NHNNVN,"Ngân hàng thương mại cổ phần Quốc Tế Việt NamTầng 1 (Tầng trệt) và Tầng 2 Toà nhà Sailing Tower, Số 111A Pasteur, Phường Bến Nghé, Quận 1Thành phố Hồ Chí Minh, Việt NamThuyết minh báo cáo tài chính riêng cho năm kết thúc ngày 31 tháng 12 năm 2022 (tiếp theo) | Quá hạnTriệu VND",-,0.0,0.0,True,False
VIB_financial_statements_2022_separate|table_101,VIB_financial_statements_2022_separate,VIB,2022,separate,MILLION_VND,2,2,Tiền gửi tại NHNNVN,"Ngân hàng thương mại cổ phần Quốc Tế Việt NamTầng 1 (Tầng trệt) và Tầng 2 Toà nhà Sailing Tower, Số 111A Pasteur, Phường Bến Nghé, Quận 1Thành phố Hồ Chí Minh, Việt NamThuyết minh báo cáo tài chính riêng cho năm kết thúc ngày 31 tháng 12 năm 2022 (tiếp theo) | Khônghuống lãiTriệu VND",-,0.0,0.0,True,False
VIB_financial_statements_2022_separate|table_101,VIB_financial_statements_2022_separate,VIB,2022,separate,MILLION_VND,2,3,Tiền gửi tại NHNNVN,"Ngân hàng thương mại cổ phần Quốc Tế Việt NamTầng 1 (Tầng trệt) và Tầng 2 Toà nhà Sailing Tower, Số 111A Pasteur, Phường Bến Nghé, Quận 1Thành phố Hồ Chí Minh, Việt NamThuyết minh báo cáo tài chính riêng cho năm kết thúc ngày 31 tháng 12 năm 2022 (tiếp theo) | Dưới1 thángTriệu VND",15.019.248,15019248.0,15019248000000.0,False,False
VIB_financial_statements_2022_separate|table_101,VIB_financial_statements_2022_separate,VIB,2022,separate,MILLION_VND,2,4,Tiền gửi tại NHNNVN,"Ngân hàng thương mại cổ phần Quốc Tế Việt NamTầng 1 (Tầng trệt) và Tầng 2 Toà nhà Sailing Tower, Số 111A Pasteur, Phường Bến Nghé, Quận 1Thành phố Hồ Chí Minh, Việt NamThuyết minh báo cáo tài chính riêng cho năm kết thúc ngày 31 tháng 12 năm 2022 (tiếp theo) | Từ 1 đến3 thángTriệu VND",7.911.600,7911600.0,7911600000000.0,False,False
VIB_financial_statements_2022_separate|table_101,VIB_financial_statements_2022_separate,VIB,2022,separate,MILLION_VND,2,5,Tiền gửi tại NHNNVN,"Ngân hàng thương mại cổ phần Quốc Tế Việt NamTầng 1 (Tầng trệt) và Tầng 2 Toà nhà Sailing Tower, Số 111A Pasteur, Phường Bến Nghé, Quận 1Thành phố Hồ Chí Minh, Việt NamThuyết minh báo cáo tài chính riêng cho năm kết thúc ngày 31 tháng 12 năm 2022 (tiếp theo) | Từ 3 đến6 thángTriệu VND",4.089.939,4089939.0,4089939000000.0,False,False
VIB_financial_statements_2022_separate|table_101,VIB_financial_statements_2022_separate,VIB,2022,separate,MILLION_VND,2,6,Tiền gửi tại NHNNVN,"Ngân hàng thương mại cổ phần Quốc Tế Việt NamTầng 1 (Tầng trệt) và Tầng 2 Toà nhà Sailing Tower, Số 111A Pasteur, Phường Bến Nghé, Quận 1Thành phố Hồ Chí Minh, Việt NamThuyết minh báo cáo tài chính riêng cho năm kết thúc ngày 31 tháng 12 năm 2022 (tiếp theo) | Từ 6 đến12 thángTriệu VND",964.330,964330.0,964330000000.0,False,False
VIB_financial_statements_2022_separate|table_101,VIB_financial_statements_2022_separate,VIB,2022,separate,MILLION_VND,2,7,Tiền gửi tại NHNNVN,"Ngân hàng thương mại cổ phần Quốc Tế Việt NamTầng 1 (Tầng trệt) và Tầng 2 Toà nhà Sailing Tower, Số 111A Pasteur, Phường Bến Nghé, Quận 1Thành phố Hồ Chí Minh, Việt NamThuyết minh báo cáo tài chính riêng cho năm kết thúc ngày 31 tháng 12 năm 2022 (tiếp theo) | Từ 1 đến5 nămTriệu VND",-,0.0,0.0,True,False
VIB_financial_statements_2022_separate|table_101,VIB_financial_statements_2022_separate,VIB,2022,separate,MILLION_VND,2,8,Tiền gửi tại NHNNVN,"Ngân hàng thương mại cổ phần Quốc Tế Việt NamTầng 1 (Tầng trệt) và Tầng 2 Toà nhà Sailing Tower, Số 111A Pasteur, Phường Bến Nghé, Quận 1Thành phố Hồ Chí Minh, Việt NamThuyết minh báo cáo tài chính riêng cho năm kết thúc ngày 31 tháng 12 năm 2022 (tiếp theo) | Trên 5 nămTriệu VND",-,0.0,0.0,True,False
VIB_financial_statements_2022_separate|table_101,VIB_financial_statements_2022_separate,VIB,2022,separate,MILLION_VND,2,9,Tiền gửi tại NHNNVN,"Ngân hàng thương mại cổ phần Quốc Tế Việt NamTầng 1 (Tầng trệt) và Tầng 2 Toà nhà Sailing Tower, Số 111A Pasteur, Phường Bến Nghé, Quận 1Thành phố Hồ Chí Minh, Việt NamThuyết minh báo cáo tài chính riêng cho năm kết thúc ngày 31 tháng 12 năm 2022 (tiếp theo) | Tổng cộngTriệu VND",27.985.117,27985117.0,27985117000000.0,False,False
VIB_financial_statements_2022_separate|table_101,VIB_financial_statements_2022_separate,VIB,2022,separate,MILLION_VND,2,10,Tiền gửi tại NHNNVN,"Ngân hàng thương mại cổ phần Quốc Tế Việt NamTầng 1 (Tầng trệt) và Tầng 2 Toà nhà Sailing Tower, Số 111A Pasteur, Phường Bến Nghé, Quận 1Thành phố Hồ Chí Minh, Việt NamThuyết minh báo cáo tài chính riêng cho năm kết thúc ngày 31 tháng 12 năm 2022 (tiếp theo)__2",,,,False,True
VIB_financial_statements_2022_separate|table_101,VIB_financial_statements_2022_separate,VIB,2022,separate,MILLION_VND,3,0,Tiền gửi và cho vaycác TCTD khác - gộp,"Ngân hàng thương mại cổ phần Quốc Tế Việt NamTầng 1 (Tầng trệt) và Tầng 2 Toà nhà Sailing Tower, Số 111A Pasteur, Phường Bến Nghé, Quận 1Thành phố Hồ Chí Minh, Việt NamThuyết minh báo cáo tài chính riêng cho năm kết thúc ngày 31 tháng 12 năm 2022 (tiếp theo)",Tiền gửi và cho vaycác TCTD khác - gộp,,,False,False
VIB_financial_statements_2022_separate|table_101,VIB_financial_statements_2022_separate,VIB,2022,separate,MILLION_VND,3,1,Tiền gửi và cho vaycác TCTD khác - gộp,"Ngân hàng thương mại cổ phần Quốc Tế Việt NamTầng 1 (Tầng trệt) và Tầng 2 Toà nhà Sailing Tower, Số 111A Pasteur, Phường Bến Nghé, Quận 1Thành phố Hồ Chí Minh, Việt NamThuyết minh báo cáo tài chính riêng cho năm kết thúc ngày 31 tháng 12 năm 2022 (tiếp theo) | Quá hạnTriệu VND",-,0.0,0.0,True,False
VIB_financial_statements_2022_separate|table_101,VIB_financial_statements_2022_separate,VIB,2022,separate,MILLION_VND,3,2,Tiền gửi và cho vaycác TCTD khác - gộp,"Ngân hàng thương mại cổ phần Quốc Tế Việt NamTầng 1 (Tầng trệt) và Tầng 2 Toà nhà Sailing Tower, Số 111A Pasteur, Phường Bến Nghé, Quận 1Thành phố Hồ Chí Minh, Việt NamThuyết minh báo cáo tài chính riêng cho năm kết thúc ngày 31 tháng 12 năm 2022 (tiếp theo) | Khônghuống lãiTriệu VND",-,0.0,0.0,True,False
VIB_financial_statements_2022_separate|table_101,VIB_financial_statements_2022_separate,VIB,2022,separate,MILLION_VND,3,3,Tiền gửi và cho vaycác TCTD khác - gộp,"Ngân hàng thương mại cổ phần Quốc Tế Việt NamTầng 1 (Tầng trệt) và Tầng 2 Toà nhà Sailing Tower, Số 111A Pasteur, Phường Bến Nghé, Quận 1Thành phố Hồ Chí Minh, Việt NamThuyết minh báo cáo tài chính riêng cho năm kết thúc ngày 31 tháng 12 năm 2022 (tiếp theo) | Dưới1 thángTriệu VND",41.969.628,41969628.0,41969628000000.0,False,False
VIB_financial_statements_2022_separate|table_101,VIB_financial_statements_2022_separate,VIB,2022,separate,MILLION_VND,3,4,Tiền gửi và cho vaycác TCTD khác - gộp,"Ngân hàng thương mại cổ phần Quốc Tế Việt NamTầng 1 (Tầng trệt) và Tầng 2 Toà nhà Sailing Tower, Số 111A Pasteur, Phường Bến Nghé, Quận 1Thành phố Hồ Chí Minh, Việt NamThuyết minh báo cáo tài chính riêng cho năm kết thúc ngày 31 tháng 12 năm 2022 (tiếp theo) | Từ 1 đến3 thángTriệu VND",99.723.152,99723152.0,99723152000000.0,False,False
VIB_financial_statements_2022_separate|table_101,VIB_financial_statements_2022_separate,VIB,2022,separate,MILLION_VND,3,5,Tiền gửi và cho vaycác TCTD khác - gộp,"Ngân hàng thương mại cổ phần Quốc Tế Việt NamTầng 1 (Tầng trệt) và Tầng 2 Toà nhà Sailing Tower, Số 111A Pasteur, Phường Bến Nghé, Quận 1Thành phố Hồ Chí Minh, Việt NamThuyết minh báo cáo tài chính riêng cho năm kết thúc ngày 31 tháng 12 năm 2022 (tiếp theo) | Từ 3 đến6 thángTriệu VND",33.993.295,33993295.0,33993295000000.0,False,False
VIB_financial_statements_2022_separate|table_101,VIB_financial_statements_2022_separate,VIB,2022,separate,MILLION_VND,3,6,Tiền gửi và cho vaycác TCTD khác - gộp,"Ngân hàng thương mại cổ phần Quốc Tế Việt NamTầng 1 (Tầng trệt) và Tầng 2 Toà nhà Sailing Tower, Số 111A Pasteur, Phường Bến Nghé, Quận 1Thành phố Hồ Chí Minh, Việt NamThuyết minh báo cáo tài chính riêng cho năm kết thúc ngày 31 tháng 12 năm 2022 (tiếp theo) | Từ 6 đến12 thángTriệu VND",23.195.568,23195568.0,23195568000000.0,False,False
VIB_financial_statements_2022_separate|table_101,VIB_financial_statements_2022_separate,VIB,2022,separate,MILLION_VND,3,7,Tiền gửi và cho vaycác TCTD khác - gộp,"Ngân hàng thương mại cổ phần Quốc Tế Việt NamTầng 1 (Tầng trệt) và Tầng 2 Toà nhà Sailing Tower, Số 111A Pasteur, Phường Bến Nghé, Quận 1Thành phố Hồ Chí Minh, Việt NamThuyết minh báo cáo tài chính riêng cho năm kết thúc ngày 31 tháng 12 năm 2022 (tiếp theo) | Từ 1 đến5 nămTriệu VND",952.449,952449.0,952449000000.0,False,False
VIB_financial_statements_2022_separate|table_101,VIB_financial_statements_2022_separate,VIB,2022,separate,MILLION_VND,3,8,Tiền gửi và cho vaycác TCTD khác - gộp,"Ngân hàng thương mại cổ phần Quốc Tế Việt NamTầng 1 (Tầng trệt) và Tầng 2 Toà nhà Sailing Tower, Số 111A Pasteur, Phường Bến Nghé, Quận 1Thành phố Hồ Chí Minh, Việt NamThuyết minh báo cáo tài chính riêng cho năm kết thúc ngày 31 tháng 12 năm 2022 (tiếp theo) | Trên 5 nămTriệu VND",29.447,29447.0,29447000000.0,False,False
VIB_financial_statements_2022_separate|table_101,VIB_financial_statements_2022_separate,VIB,2022,separate,MILLION_VND,3,9,Tiền gửi và cho vaycác TCTD khác - gộp,"Ngân hàng thương mại cổ phần Quốc Tế Việt NamTầng 1 (Tầng trệt) và Tầng 2 Toà nhà Sailing Tower, Số 111A Pasteur, Phường Bến Nghé, Quận 1Thành phố Hồ Chí Minh, Việt NamThuyết minh báo cáo tài chính riêng cho năm kết thúc ngày 31 tháng 12 năm 2022 (tiếp theo) | Tổng cộngTriệu VND",201.676.780,201676780.0,201676780000000.0,False,False
VIB_financial_statements_2022_separate|table_101,VIB_financial_statements_2022_separate,VIB,2022,separate,MILLION_VND,3,10,Tiền gửi và cho vaycác TCTD khác - gộp,"Ngân hàng thương mại cổ phần Quốc Tế Việt NamTầng 1 (Tầng trệt) và Tầng 2 Toà nhà Sailing Tower, Số 111A Pasteur, Phường Bến Nghé, Quận 1Thành phố Hồ Chí Minh, Việt NamThuyết minh báo cáo tài chính riêng cho năm kết thúc ngày 31 tháng 12 năm 2022 (tiếp theo)__2",,,,False,True
VIB_financial_statements_2022_separate|table_101,VIB_financial_statements_2022_separate,VIB,2022,separate,MILLION_VND,4,0,Cho vay khách hàngvà hoạt động mua nợ - gộp,"Ngân hàng thương mại cổ phần Quốc Tế Việt NamTầng 1 (Tầng trệt) và Tầng 2 Toà nhà Sailing Tower, Số 111A Pasteur, Phường Bến Nghé, Quận 1Thành phố Hồ Chí Minh, Việt NamThuyết minh báo cáo tài chính riêng cho năm kết thúc ngày 31 tháng 12 năm 2022 (tiếp theo)",Cho vay khách hàngvà hoạt động mua nợ - gộp,,,False,False
VIB_financial_statements_2022_separate|table_101,VIB_financial_statements_2022_separate,VIB,2022,separate,MILLION_VND,4,1,Cho vay khách hàngvà hoạt động mua nợ - gộp,"Ngân hàng thương mại cổ phần Quốc Tế Việt NamTầng 1 (Tầng trệt) và Tầng 2 Toà nhà Sailing Tower, Số 111A Pasteur, Phường Bến Nghé, Quận 1Thành phố Hồ Chí Minh, Việt NamThuyết minh báo cáo tài chính riêng cho năm kết thúc ngày 31 tháng 12 năm 2022 (tiếp theo) | Quá hạnTriệu VND",1.813.241,1813241.0,1813241000000.0,False,False
VIB_financial_statements_2022_separate|table_101,VIB_financial_statements_2022_separate,VIB,2022,separate,MILLION_VND,4,2,Cho vay khách hàngvà hoạt động mua nợ - gộp,"Ngân hàng thương mại cổ phần Quốc Tế Việt NamTầng 1 (Tầng trệt) và Tầng 2 Toà nhà Sailing Tower, Số 111A Pasteur, Phường Bến Nghé, Quận 1Thành phố Hồ Chí Minh, Việt NamThuyết minh báo cáo tài chính riêng cho năm kết thúc ngày 31 tháng 12 năm 2022 (tiếp theo) | Khônghuống lãiTriệu VND",-,0.0,0.0,True,False
VIB_financial_statements_2022_separate|table_101,VIB_financial_statements_2022_separate,VIB,2022,separate,MILLION_VND,4,3,Cho vay khách hàngvà hoạt động mua nợ - gộp,"Ngân hàng thương mại cổ phần Quốc Tế Việt NamTầng 1 (Tầng trệt) và Tầng 2 Toà nhà Sailing Tower, Số 111A Pasteur, Phường Bến Nghé, Quận 1Thành phố Hồ Chí Minh, Việt NamThuyết minh báo cáo tài chính riêng cho năm kết thúc ngày 31 tháng 12 năm 2022 (tiếp theo) | Dưới1 thángTriệu VND",450.000,450000.0,450000000000.0,False,False
VIB_financial_statements_2022_separate|table_101,VIB_financial_statements_2022_separate,VIB,2022,separate,MILLION_VND,4,4,Cho vay khách hàngvà hoạt động mua nợ - gộp,"Ngân hàng thương mại cổ phần Quốc Tế Việt NamTầng 1 (Tầng trệt) và Tầng 2 Toà nhà Sailing Tower, Số 111A Pasteur, Phường Bến Nghé, Quận 1Thành phố Hồ Chí Minh, Việt NamThuyết minh báo cáo tài chính riêng cho năm kết thúc ngày 31 tháng 12 năm 2022 (tiếp theo) | Từ 1 đến3 thángTriệu VND",1.570.314,1570314.0,1570314000000.0,False,False
VIB_financial_statements_2022_separate|table_101,VIB_financial_statements_2022_separate,VIB,2022,separate,MILLION_VND,4,5,Cho vay khách hàngvà hoạt động mua nợ - gộp,"Ngân hàng thương mại cổ phần Quốc Tế Việt NamTầng 1 (Tầng trệt) và Tầng 2 Toà nhà Sailing Tower, Số 111A Pasteur, Phường Bến Nghé, Quận 1Thành phố Hồ Chí Minh, Việt NamThuyết minh báo cáo tài chính riêng cho năm kết thúc ngày 31 tháng 12 năm 2022 (tiếp theo) | Từ 3 đến6 thángTriệu VND",17.922.025,17922025.0,17922025000000.0,False,False
VIB_financial_statements_2022_separate|table_101,VIB_financial_statements_2022_separate,VIB,2022,separate,MILLION_VND,4,6,Cho vay khách hàngvà hoạt động mua nợ - gộp,"Ngân hàng thương mại cổ phần Quốc Tế Việt NamTầng 1 (Tầng trệt) và Tầng 2 Toà nhà Sailing Tower, Số 111A Pasteur, Phường Bến Nghé, Quận 1Thành phố Hồ Chí Minh, Việt NamThuyết minh báo cáo tài chính riêng cho năm kết thúc ngày 31 tháng 12 năm 2022 (tiếp theo) | Từ 6 đến12 thángTriệu VND",12.973.610,12973610.0,12973610000000.0,False,False
VIB_financial_statements_2022_separate|table_101,VIB_financial_statements_2022_separate,VIB,2022,separate,MILLION_VND,4,7,Cho vay khách hàngvà hoạt động mua nợ - gộp,"Ngân hàng thương mại cổ phần Quốc Tế Việt NamTầng 1 (Tầng trệt) và Tầng 2 Toà nhà Sailing Tower, Số 111A Pasteur, Phường Bến Nghé, Quận 1Thành phố Hồ Chí Minh, Việt NamThuyết minh báo cáo tài chính riêng cho năm kết thúc ngày 31 tháng 12 năm 2022 (tiếp theo) | Từ 1 đến5 nămTriệu VND",9.347.488,9347488.0,9347488000000.0,False,False
VIB_financial_statements_2022_separate|table_101,VIB_financial_statements_2022_separate,VIB,2022,separate,MILLION_VND,4,8,Cho vay khách hàngvà hoạt động mua nợ - gộp,"Ngân hàng thương mại cổ phần Quốc Tế Việt NamTầng 1 (Tầng trệt) và Tầng 2 Toà nhà Sailing Tower, Số 111A Pasteur, Phường Bến Nghé, Quận 1Thành phố Hồ Chí Minh, Việt NamThuyết minh báo cáo tài chính riêng cho năm kết thúc ngày 31 tháng 12 năm 2022 (tiếp theo) | Trên 5 nămTriệu VND",2.493.457,2493457.0,2493457000000.0,False,False
VIB_financial_statements_2022_separate|table_101,VIB_financial_statements_2022_separate,VIB,2022,separate,MILLION_VND,4,9,Cho vay khách hàngvà hoạt động mua nợ - gộp,"Ngân hàng thương mại cổ phần Quốc Tế Việt NamTầng 1 (Tầng trệt) và Tầng 2 Toà nhà Sailing Tower, Số 111A Pasteur, Phường Bến Nghé, Quận 1Thành phố Hồ Chí Minh, Việt NamThuyết minh báo cáo tài chính riêng cho năm kết thúc ngày 31 tháng 12 năm 2022 (tiếp theo) | Tổng cộngTriệu VND",44.756.894,44756894.0,44756894000000.0,False,False
VIB_financial_statements_2022_separate|table_101,VIB_financial_statements_2022_separate,VIB,2022,separate,MILLION_VND,4,10,Cho vay khách hàngvà hoạt động mua nợ - gộp,"Ngân hàng thương mại cổ phần Quốc Tế Việt NamTầng 1 (Tầng trệt) và Tầng 2 Toà nhà Sailing Tower, Số 111A Pasteur, Phường Bến Nghé, Quận 1Thành phố Hồ Chí Minh, Việt NamThuyết minh báo cáo tài chính riêng cho năm kết thúc ngày 31 tháng 12 năm 2022 (tiếp theo)__2",,,,False,True
VIB_financial_statements_2022_separate|table_101,VIB_financial_statements_2022_separate,VIB,2022,separate,MILLION_VND,5,0,Chứng khoán đầu tư - gộp,"Ngân hàng thương mại cổ phần Quốc Tế Việt NamTầng 1 (Tầng trệt) và Tầng 2 Toà nhà Sailing Tower, Số 111A Pasteur, Phường Bến Nghé, Quận 1Thành phố Hồ Chí Minh, Việt NamThuyết minh báo cáo tài chính riêng cho năm kết thúc ngày 31 tháng 12 năm 2022 (tiếp theo)",Chứng khoán đầu tư - gộp,,,False,False
VIB_financial_statements_2022_separate|table_101,VIB_financial_statements_2022_separate,VIB,2022,separate,MILLION_VND,5,1,Chứng khoán đầu tư - gộp,"Ngân hàng thương mại cổ phần Quốc Tế Việt NamTầng 1 (Tầng trệt) và Tầng 2 Toà nhà Sailing Tower, Số 111A Pasteur, Phường Bến Nghé, Quận 1Thành phố Hồ Chí Minh, Việt NamThuyết minh báo cáo tài chính riêng cho năm kết thúc ngày 31 tháng 12 năm 2022 (tiếp theo) | Quá hạnTriệu VND",-,0.0,0.0,True,False
VIB_financial_statements_2022_separate|table_101,VIB_financial_statements_2022_separate,VIB,2022,separate,MILLION_VND,5,2,Chứng khoán đầu tư - gộp,"Ngân hàng thương mại cổ phần Quốc Tế Việt NamTầng 1 (Tầng trệt) và Tầng 2 Toà nhà Sailing Tower, Số 111A Pasteur, Phường Bến Nghé, Quận 1Thành phố Hồ Chí Minh, Việt NamThuyết minh báo cáo tài chính riêng cho năm kết thúc ngày 31 tháng 12 năm 2022 (tiếp theo) | Khônghuống lãiTriệu VND",169.719,169719.0,169719000000.0,False,False
VIB_financial_statements_2022_separate|table_101,VIB_financial_statements_2022_separate,VIB,2022,separate,MILLION_VND,5,3,Chứng khoán đầu tư - gộp,"Ngân hàng thương mại cổ phần Quốc Tế Việt NamTầng 1 (Tầng trệt) và Tầng 2 Toà nhà Sailing Tower, Số 111A Pasteur, Phường Bến Nghé, Quận 1Thành phố Hồ Chí Minh, Việt NamThuyết minh báo cáo tài chính riêng cho năm kết thúc ngày 31 tháng 12 năm 2022 (tiếp theo) | Dưới1 thángTriệu VND",-,0.0,0.0,True,False
VIB_financial_statements_2022_separate|table_101,VIB_financial_statements_2022_separate,VIB,2022,separate,MILLION_VND,5,4,Chứng khoán đầu tư - gộp,"Ngân hàng thương mại cổ phần Quốc Tế Việt NamTầng 1 (Tầng trệt) và Tầng 2 Toà nhà Sailing Tower, Số 111A Pasteur, Phường Bến Nghé, Quận 1Thành phố Hồ Chí Minh, Việt NamThuyết minh báo cáo tài chính riêng cho năm kết thúc ngày 31 tháng 12 năm 2022 (tiếp theo) | Từ 1 đến3 thángTriệu VND",-,0.0,0.0,True,False
VIB_financial_statements_2022_separate|table_101,VIB_financial_statements_2022_separate,VIB,2022,separate,MILLION_VND,5,5,Chứng khoán đầu tư - gộp,"Ngân hàng thương mại cổ phần Quốc Tế Việt NamTầng 1 (Tầng trệt) và Tầng 2 Toà nhà Sailing Tower, Số 111A Pasteur, Phường Bến Nghé, Quận 1Thành phố Hồ Chí Minh, Việt NamThuyết minh báo cáo tài chính riêng cho năm kết thúc ngày 31 tháng 12 năm 2022 (tiếp theo) | Từ 3 đến6 thángTriệu VND",-,0.0,0.0,True,False
VIB_financial_statements_2022_separate|table_101,VIB_financial_statements_2022_separate,VIB,2022,separate,MILLION_VND,5,6,Chứng khoán đầu tư - gộp,"Ngân hàng thương mại cổ phần Quốc Tế Việt NamTầng 1 (Tầng trệt) và Tầng 2 Toà nhà Sailing Tower, Số 111A Pasteur, Phường Bến Nghé, Quận 1Thành phố Hồ Chí Minh, Việt NamThuyết minh báo cáo tài chính riêng cho năm kết thúc ngày 31 tháng 12 năm 2022 (tiếp theo) | Từ 6 đến12 thángTriệu VND",-,0.0,0.0,True,False
VIB_financial_statements_2022_separate|table_101,VIB_financial_statements_2022_separate,VIB,2022,separate,MILLION_VND,5,7,Chứng khoán đầu tư - gộp,"Ngân hàng thương mại cổ phần Quốc Tế Việt NamTầng 1 (Tầng trệt) và Tầng 2 Toà nhà Sailing Tower, Số 111A Pasteur, Phường Bến Nghé, Quận 1Thành phố Hồ Chí Minh, Việt NamThuyết minh báo cáo tài chính riêng cho năm kết thúc ngày 31 tháng 12 năm 2022 (tiếp theo) | Từ 1 đến5 nămTriệu VND",-,0.0,0.0,True,False
VIB_financial_statements_2022_separate|table_101,VIB_financial_statements_2022_separate,VIB,2022,separate,MILLION_VND,5,8,Chứng khoán đầu tư - gộp,"Ngân hàng thương mại cổ phần Quốc Tế Việt NamTầng 1 (Tầng trệt) và Tầng 2 Toà nhà Sailing Tower, Số 111A Pasteur, Phường Bến Nghé, Quận 1Thành phố Hồ Chí Minh, Việt NamThuyết minh báo cáo tài chính riêng cho năm kết thúc ngày 31 tháng 12 năm 2022 (tiếp theo) | Trên 5 nămTriệu VND",-,0.0,0.0,True,False
VIB_financial_statements_2022_separate|table_101,VIB_financial_statements_2022_separate,VIB,2022,separate,MILLION_VND,5,9,Chứng khoán đầu tư - gộp,"Ngân hàng thương mại cổ phần Quốc Tế Việt NamTầng 1 (Tầng trệt) và Tầng 2 Toà nhà Sailing Tower, Số 111A Pasteur, Phường Bến Nghé, Quận 1Thành phố Hồ Chí Minh, Việt NamThuyết minh báo cáo tài chính riêng cho năm kết thúc ngày 31 tháng 12 năm 2022 (tiếp theo) | Tổng cộngTriệu VND",169.719,169719.0,169719000000.0,False,False
VIB_financial_statements_2022_separate|table_101,VIB_financial_statements_2022_separate,VIB,2022,separate,MILLION_VND,5,10,Chứng khoán đầu tư - gộp,"Ngân hàng thương mại cổ phần Quốc Tế Việt NamTầng 1 (Tầng trệt) và Tầng 2 Toà nhà Sailing Tower, Số 111A Pasteur, Phường Bến Nghé, Quận 1Thành phố Hồ Chí Minh, Việt NamThuyết minh báo cáo tài chính riêng cho năm kết thúc ngày 31 tháng 12 năm 2022 (tiếp theo)__2",,,,False,True
VIB_financial_statements_2022_separate|table_101,VIB_financial_statements_2022_separate,VIB,2022,separate,MILLION_VND,6,0,"Góp vốn, đầu tư dài hạn","Ngân hàng thương mại cổ phần Quốc Tế Việt NamTầng 1 (Tầng trệt) và Tầng 2 Toà nhà Sailing Tower, Số 111A Pasteur, Phường Bến Nghé, Quận 1Thành phố Hồ Chí Minh, Việt NamThuyết minh báo cáo tài chính riêng cho năm kết thúc ngày 31 tháng 12 năm 2022 (tiếp theo)","Góp vốn, đầu tư dài hạn",,,False,False
VIB_financial_statements_2022_separate|table_101,VIB_financial_statements_2022_separate,VIB,2022,separate,MILLION_VND,6,1,"Góp vốn, đầu tư dài hạn","Ngân hàng thương mại cổ phần Quốc Tế Việt NamTầng 1 (Tầng trệt) và Tầng 2 Toà nhà Sailing Tower, Số 111A Pasteur, Phường Bến Nghé, Quận 1Thành phố Hồ Chí Minh, Việt NamThuyết minh báo cáo tài chính riêng cho năm kết thúc ngày 31 tháng 12 năm 2022 (tiếp theo) | Quá hạnTriệu VND",-,0.0,0.0,True,False
VIB_financial_statements_2022_separate|table_101,VIB_financial_statements_2022_separate,VIB,2022,separate,MILLION_VND,6,2,"Góp vốn, đầu tư dài hạn","Ngân hàng thương mại cổ phần Quốc Tế Việt NamTầng 1 (Tầng trệt) và Tầng 2 Toà nhà Sailing Tower, Số 111A Pasteur, Phường Bến Nghé, Quận 1Thành phố Hồ Chí Minh, Việt NamThuyết minh báo cáo tài chính riêng cho năm kết thúc ngày 31 tháng 12 năm 2022 (tiếp theo) | Khônghuống lãiTriệu VND",603.836,603836.0,603836000000.0,False,False
VIB_financial_statements_2022_separate|table_101,VIB_financial_statements_2022_separate,VIB,2022,separate,MILLION_VND,6,3,"Góp vốn, đầu tư dài hạn","Ngân hàng thương mại cổ phần Quốc Tế Việt NamTầng 1 (Tầng trệt) và Tầng 2 Toà nhà Sailing Tower, Số 111A Pasteur, Phường Bến Nghé, Quận 1Thành phố Hồ Chí Minh, Việt NamThuyết minh báo cáo tài chính riêng cho năm kết thúc ngày 31 tháng 12 năm 2022 (tiếp theo) | Dưới1 thángTriệu VND",-,0.0,0.0,True,False
VIB_financial_statements_2022_separate|table_101,VIB_financial_statements_2022_separate,VIB,2022,separate,MILLION_VND,6,4,"Góp vốn, đầu tư dài hạn","Ngân hàng thương mại cổ phần Quốc Tế Việt NamTầng 1 (Tầng trệt) và Tầng 2 Toà nhà Sailing Tower, Số 111A Pasteur, Phường Bến Nghé, Quận 1Thành phố Hồ Chí Minh, Việt NamThuyết minh báo cáo tài chính riêng cho năm kết thúc ngày 31 tháng 12 năm 2022 (tiếp theo) | Từ 1 đến3 thángTriệu VND",-,0.0,0.0,True,False
VIB_financial_statements_2022_separate|table_101,VIB_financial_statements_2022_separate,VIB,2022,separate,MILLION_VND,6,5,"Góp vốn, đầu tư dài hạn","Ngân hàng thương mại cổ phần Quốc Tế Việt NamTầng 1 (Tầng trệt) và Tầng 2 Toà nhà Sailing Tower, Số 111A Pasteur, Phường Bến Nghé, Quận 1Thành phố Hồ Chí Minh, Việt NamThuyết minh báo cáo tài chính riêng cho năm kết thúc ngày 31 tháng 12 năm 2022 (tiếp theo) | Từ 3 đến6 thángTriệu VND",-,0.0,0.0,True,False
VIB_financial_statements_2022_separate|table_101,VIB_financial_statements_2022_separate,VIB,2022,separate,MILLION_VND,6,6,"Góp vốn, đầu tư dài hạn","Ngân hàng thương mại cổ phần Quốc Tế Việt NamTầng 1 (Tầng trệt) và Tầng 2 Toà nhà Sailing Tower, Số 111A Pasteur, Phường Bến Nghé, Quận 1Thành phố Hồ Chí Minh, Việt NamThuyết minh báo cáo tài chính riêng cho năm kết thúc ngày 31 tháng 12 năm 2022 (tiếp theo) | Từ 6 đến12 thángTriệu VND",-,0.0,0.0,True,False
VIB_financial_statements_2022_separate|table_101,VIB_financial_statements_2022_separate,VIB,2022,separate,MILLION_VND,6,7,"Góp vốn, đầu tư dài hạn","Ngân hàng thương mại cổ phần Quốc Tế Việt NamTầng 1 (Tầng trệt) và Tầng 2 Toà nhà Sailing Tower, Số 111A Pasteur, Phường Bến Nghé, Quận 1Thành phố Hồ Chí Minh, Việt NamThuyết minh báo cáo tài chính riêng cho năm kết thúc ngày 31 tháng 12 năm 2022 (tiếp theo) | Từ 1 đến5 nămTriệu VND",-,0.0,0.0,True,False
VIB_financial_statements_2022_separate|table_101,VIB_financial_statements_2022_separate,VIB,2022,separate,MILLION_VND,6,8,"Góp vốn, đầu tư dài hạn","Ngân hàng thương mại cổ phần Quốc Tế Việt NamTầng 1 (Tầng trệt) và Tầng 2 Toà nhà Sailing Tower, Số 111A Pasteur, Phường Bến Nghé, Quận 1Thành phố Hồ Chí Minh, Việt NamThuyết minh báo cáo tài chính riêng cho năm kết thúc ngày 31 tháng 12 năm 2022 (tiếp theo) | Trên 5 nămTriệu VND",-,0.0,0.0,True,False
VIB_financial_statements_2022_separate|table_101,VIB_financial_statements_2022_separate,VIB,2022,separate,MILLION_VND,6,9,"Góp vốn, đầu tư dài hạn","Ngân hàng thương mại cổ phần Quốc Tế Việt NamTầng 1 (Tầng trệt) và Tầng 2 Toà nhà Sailing Tower, Số 111A Pasteur, Phường Bến Nghé, Quận 1Thành phố Hồ Chí Minh, Việt NamThuyết minh báo cáo tài chính riêng cho năm kết thúc ngày 31 tháng 12 năm 2022 (tiếp theo) | Tổng cộngTriệu VND",603.836,603836.0,603836000000.0,False,False
VIB_financial_statements_2022_separate|table_101,VIB_financial_statements_2022_separate,VIB,2022,separate,MILLION_VND,6,10,"Góp vốn, đầu tư dài hạn","Ngân hàng thương mại cổ phần Quốc Tế Việt NamTầng 1 (Tầng trệt) và Tầng 2 Toà nhà Sailing Tower, Số 111A Pasteur, Phường Bến Nghé, Quận 1Thành phố Hồ Chí Minh, Việt NamThuyết minh báo cáo tài chính riêng cho năm kết thúc ngày 31 tháng 12 năm 2022 (tiếp theo)__2",,,,False,True
VIB_financial_statements_2022_separate|table_101,VIB_financial_statements_2022_separate,VIB,2022,separate,MILLION_VND,7,0,Tài sản cố định,"Ngân hàng thương mại cổ phần Quốc Tế Việt NamTầng 1 (Tầng trệt) và Tầng 2 Toà nhà Sailing Tower, Số 111A Pasteur, Phường Bến Nghé, Quận 1Thành phố Hồ Chí Minh, Việt NamThuyết minh báo cáo tài chính riêng cho năm kết thúc ngày 31 tháng 12 năm 2022 (tiếp theo)",Tài sản cố định,,,False,False
VIB_financial_statements_2022_separate|table_101,VIB_financial_statements_2022_separate,VIB,2022,separate,MILLION_VND,7,1,Tài sản cố định,"Ngân hàng thương mại cổ phần Quốc Tế Việt NamTầng 1 (Tầng trệt) và Tầng 2 Toà nhà Sailing Tower, Số 111A Pasteur, Phường Bến Nghé, Quận 1Thành phố Hồ Chí Minh, Việt NamThuyết minh báo cáo tài chính riêng cho năm kết thúc ngày 31 tháng 12 năm 2022 (tiếp theo) | Quá hạnTriệu VND",-,0.0,0.0,True,False
VIB_financial_statements_2022_separate|table_101,VIB_financial_statements_2022_separate,VIB,2022,separate,MILLION_VND,7,2,Tài sản cố định,"Ngân hàng thương mại cổ phần Quốc Tế Việt NamTầng 1 (Tầng trệt) và Tầng 2 Toà nhà Sailing Tower, Số 111A Pasteur, Phường Bến Nghé, Quận 1Thành phố Hồ Chí Minh, Việt NamThuyết minh báo cáo tài chính riêng cho năm kết thúc ngày 31 tháng 12 năm 2022 (tiếp theo) | Khônghuống lãiTriệu VND",3.966.905,3966905.0,3966905000000.0,False,False
VIB_financial_statements_2022_separate|table_101,VIB_financial_statements_2022_separate,VIB,2022,separate,MILLION_VND,7,3,Tài sản cố định,"Ngân hàng thương mại cổ phần Quốc Tế Việt NamTầng 1 (Tầng trệt) và Tầng 2 Toà nhà Sailing Tower, Số 111A Pasteur, Phường Bến Nghé, Quận 1Thành phố Hồ Chí Minh, Việt NamThuyết minh báo cáo tài chính riêng cho năm kết thúc ngày 31 tháng 12 năm 2022 (tiếp theo) | Dưới1 thángTriệu VND",1.309.410,1309410.0,1309410000000.0,False,False
VIB_financial_statements_2022_separate|table_101,VIB_financial_statements_2022_separate,VIB,2022,separate,MILLION_VND,7,4,Tài sản cố định,"Ngân hàng thương mại cổ phần Quốc Tế Việt NamTầng 1 (Tầng trệt) và Tầng 2 Toà nhà Sailing Tower, Số 111A Pasteur, Phường Bến Nghé, Quận 1Thành phố Hồ Chí Minh, Việt NamThuyết minh báo cáo tài chính riêng cho năm kết thúc ngày 31 tháng 12 năm 2022 (tiếp theo) | Từ 1 đến3 thángTriệu VND",3.090.561,3090561.0,3090561000000.0,False,False
VIB_financial_statements_2022_separate|table_101,VIB_financial_statements_2022_separate,VIB,2022,separate,MILLION_VND,7,5,Tài sản cố định,"Ngân hàng thương mại cổ phần Quốc Tế Việt NamTầng 1 (Tầng trệt) và Tầng 2 Toà nhà Sailing Tower, Số 111A Pasteur, Phường Bến Nghé, Quận 1Thành phố Hồ Chí Minh, Việt NamThuyết minh báo cáo tài chính riêng cho năm kết thúc ngày 31 tháng 12 năm 2022 (tiếp theo) | Từ 3 đến6 thángTriệu VND",2.091.448,2091448.0,2091448000000.0,False,False
VIB_financial_statements_2022_separate|table_101,VIB_financial_statements_2022_separate,VIB,2022,separate,MILLION_VND,7,6,Tài sản cố định,"Ngân hàng thương mại cổ phần Quốc Tế Việt NamTầng 1 (Tầng trệt) và Tầng 2 Toà nhà Sailing Tower, Số 111A Pasteur, Phường Bến Nghé, Quận 1Thành phố Hồ Chí Minh, Việt NamThuyết minh báo cáo tài chính riêng cho năm kết thúc ngày 31 tháng 12 năm 2022 (tiếp theo) | Từ 6 đến12 thángTriệu VND",-,0.0,0.0,True,False
VIB_financial_statements_2022_separate|table_101,VIB_financial_statements_2022_separate,VIB,2022,separate,MILLION_VND,7,7,Tài sản cố định,"Ngân hàng thương mại cổ phần Quốc Tế Việt NamTầng 1 (Tầng trệt) và Tầng 2 Toà nhà Sailing Tower, Số 111A Pasteur, Phường Bến Nghé, Quận 1Thành phố Hồ Chí Minh, Việt NamThuyết minh báo cáo tài chính riêng cho năm kết thúc ngày 31 tháng 12 năm 2022 (tiếp theo) | Từ 1 đến5 nămTriệu VND",-,0.0,0.0,True,False
VIB_financial_statements_2022_separate|table_101,VIB_financial_statements_2022_separate,VIB,2022,separate,MILLION_VND,7,8,Tài sản cố định,"Ngân hàng thương mại cổ phần Quốc Tế Việt NamTầng 1 (Tầng trệt) và Tầng 2 Toà nhà Sailing Tower, Số 111A Pasteur, Phường Bến Nghé, Quận 1Thành phố Hồ Chí Minh, Việt NamThuyết minh báo cáo tài chính riêng cho năm kết thúc ngày 31 tháng 12 năm 2022 (tiếp theo) | Trên 5 nămTriệu VND",-,0.0,0.0,True,False
VIB_financial_statements_2022_separate|table_101,VIB_financial_statements_2022_separate,VIB,2022,separate,MILLION_VND,7,9,Tài sản cố định,"Ngân hàng thương mại cổ phần Quốc Tế Việt NamTầng 1 (Tầng trệt) và Tầng 2 Toà nhà Sailing Tower, Số 111A Pasteur, Phường Bến Nghé, Quận 1Thành phố Hồ Chí Minh, Việt NamThuyết minh báo cáo tài chính riêng cho năm kết thúc ngày 31 tháng 12 năm 2022 (tiếp theo) | Tổng cộngTriệu VND",10.458.324,10458324.0,10458324000000.0,False,False
VIB_financial_statements_2022_separate|table_101,VIB_financial_statements_2022_separate,VIB,2022,separate,MILLION_VND,7,10,Tài sản cố định,"Ngân hàng thương mại cổ phần Quốc Tế Việt NamTầng 1 (Tầng trệt) và Tầng 2 Toà nhà Sailing Tower, Số 111A Pasteur, Phường Bến Nghé, Quận 1Thành phố Hồ Chí Minh, Việt NamThuyết minh báo cáo tài chính riêng cho năm kết thúc ngày 31 tháng 12 năm 2022 (tiếp theo)__2",,,,False,True
VIB_financial_statements_2022_separate|table_101,VIB_financial_statements_2022_separate,VIB,2022,separate,MILLION_VND,8,0,Tài sản Có khác - gộp,"Ngân hàng thương mại cổ phần Quốc Tế Việt NamTầng 1 (Tầng trệt) và Tầng 2 Toà nhà Sailing Tower, Số 111A Pasteur, Phường Bến Nghé, Quận 1Thành phố Hồ Chí Minh, Việt NamThuyết minh báo cáo tài chính riêng cho năm kết thúc ngày 31 tháng 12 năm 2022 (tiếp theo)",Tài sản Có khác - gộp,,,False,False
VIB_financial_statements_2022_separate|table_101,VIB_financial_statements_2022_separate,VIB,2022,separate,MILLION_VND,8,1,Tài sản Có khác - gộp,"Ngân hàng thương mại cổ phần Quốc Tế Việt NamTầng 1 (Tầng trệt) và Tầng 2 Toà nhà Sailing Tower, Số 111A Pasteur, Phường Bến Nghé, Quận 1Thành phố Hồ Chí Minh, Việt NamThuyết minh báo cáo tài chính riêng cho năm kết thúc ngày 31 tháng 12 năm 2022 (tiếp theo) | Quá hạnTriệu VND",-,0.0,0.0,True,False
VIB_financial_statements_2022_separate|table_101,VIB_financial_statements_2022_separate,VIB,2022,separate,MILLION_VND,8,2,Tài sản Có khác - gộp,"Ngân hàng thương mại cổ phần Quốc Tế Việt NamTầng 1 (Tầng trệt) và Tầng 2 Toà nhà Sailing Tower, Số 111A Pasteur, Phường Bến Nghé, Quận 1Thành phố Hồ Chí Minh, Việt NamThuyết minh báo cáo tài chính riêng cho năm kết thúc ngày 31 tháng 12 năm 2022 (tiếp theo) | Khônghuống lãiTriệu VND",-,0.0,0.0,True,False
VIB_financial_statements_2022_separate|table_101,VIB_financial_statements_2022_separate,VIB,2022,separate,MILLION_VND,8,3,Tài sản Có khác - gộp,"Ngân hàng thương mại cổ phần Quốc Tế Việt NamTầng 1 (Tầng trệt) và Tầng 2 Toà nhà Sailing Tower, Số 111A Pasteur, Phường Bến Nghé, Quận 1Thành phố Hồ Chí Minh, Việt NamThuyết minh báo cáo tài chính riêng cho năm kết thúc ngày 31 tháng 12 năm 2022 (tiếp theo) | Dưới1 thángTriệu VND",-,0.0,0.0,True,False
VIB_financial_statements_2022_separate|table_101,VIB_financial_statements_2022_separate,VIB,2022,separate,MILLION_VND,8,4,Tài sản Có khác - gộp,"Ngân hàng thương mại cổ phần Quốc Tế Việt NamTầng 1 (Tầng trệt) và Tầng 2 Toà nhà Sailing Tower, Số 111A Pasteur, Phường Bến Nghé, Quận 1Thành phố Hồ Chí Minh, Việt NamThuyết minh báo cáo tài chính riêng cho năm kết thúc ngày 31 tháng 12 năm 2022 (tiếp theo) | Từ 1 đến3 thángTriệu VND",-,0.0,0.0,True,False
VIB_financial_statements_2022_separate|table_101,VIB_financial_statements_2022_separate,VIB,2022,separate,MILLION_VND,8,5,Tài sản Có khác - gộp,"Ngân hàng thương mại cổ phần Quốc Tế Việt NamTầng 1 (Tầng trệt) và Tầng 2 Toà nhà Sailing Tower, Số 111A Pasteur, Phường Bến Nghé, Quận 1Thành phố Hồ Chí Minh, Việt NamThuyết minh báo cáo tài chính riêng cho năm kết thúc ngày 31 tháng 12 năm 2022 (tiếp theo) | Từ 3 đến6 thángTriệu VND",-,0.0,0.0,True,False
VIB_financial_statements_2022_separate|table_101,VIB_financial_statements_2022_separate,VIB,2022,separate,MILLION_VND,8,6,Tài sản Có khác - gộp,"Ngân hàng thương mại cổ phần Quốc Tế Việt NamTầng 1 (Tầng trệt) và Tầng 2 Toà nhà Sailing Tower, Số 111A Pasteur, Phường Bến Nghé, Quận 1Thành phố Hồ Chí Minh, Việt NamThuyết minh báo cáo tài chính riêng cho năm kết thúc ngày 31 tháng 12 năm 2022 (tiếp theo) | Từ 6 đến12 thángTriệu VND",-,0.0,0.0,True,False
VIB_financial_statements_2022_separate|table_101,VIB_financial_statements_2022_separate,VIB,2022,separate,MILLION_VND,8,7,Tài sản Có khác - gộp,"Ngân hàng thương mại cổ phần Quốc Tế Việt NamTầng 1 (Tầng trệt) và Tầng 2 Toà nhà Sailing Tower, Số 111A Pasteur, Phường Bến Nghé, Quận 1Thành phố Hồ Chí Minh, Việt NamThuyết minh báo cáo tài chính riêng cho năm kết thúc ngày 31 tháng 12 năm 2022 (tiếp theo) | Từ 1 đến5 nămTriệu VND",-,0.0,0.0,True,False
VIB_financial_statements_2022_separate|table_101,VIB_financial_statements_2022_separate,VIB,2022,separate,MILLION_VND,8,8,Tài sản Có khác - gộp,"Ngân hàng thương mại cổ phần Quốc Tế Việt NamTầng 1 (Tầng trệt) và Tầng 2 Toà nhà Sailing Tower, Số 111A Pasteur, Phường Bến Nghé, Quận 1Thành phố Hồ Chí Minh, Việt NamThuyết minh báo cáo tài chính riêng cho năm kết thúc ngày 31 tháng 12 năm 2022 (tiếp theo) | Trên 5 nămTriệu VND",-,0.0,0.0,True,False
VIB_financial_statements_2022_separate|table_101,VIB_financial_statements_2022_separate,VIB,2022,separate,MILLION_VND,8,9,Tài sản Có khác - gộp,"Ngân hàng thương mại cổ phần Quốc Tế Việt NamTầng 1 (Tầng trệt) và Tầng 2 Toà nhà Sailing Tower, Số 111A Pasteur, Phường Bến Nghé, Quận 1Thành phố Hồ Chí Minh, Việt NamThuyết minh báo cáo tài chính riêng cho năm kết thúc ngày 31 tháng 12 năm 2022 (tiếp theo) | Tổng cộngTriệu VND",-,0.0,0.0,True,False
VIB_financial_statements_2022_separate|table_101,VIB_financial_statements_2022_separate,VIB,2022,separate,MILLION_VND,8,10,Tài sản Có khác - gộp,"Ngân hàng thương mại cổ phần Quốc Tế Việt NamTầng 1 (Tầng trệt) và Tầng 2 Toà nhà Sailing Tower, Số 111A Pasteur, Phường Bến Nghé, Quận 1Thành phố Hồ Chí Minh, Việt NamThuyết minh báo cáo tài chính riêng cho năm kết thúc ngày 31 tháng 12 năm 2022 (tiếp theo)__2",,,,False,True
VIB_financial_statements_2022_separate|table_101,VIB_financial_statements_2022_separate,VIB,2022,separate,MILLION_VND,9,0,,"Ngân hàng thương mại cổ phần Quốc Tế Việt NamTầng 1 (Tầng trệt) và Tầng 2 Toà nhà Sailing Tower, Số 111A Pasteur, Phường Bến Nghé, Quận 1Thành phố Hồ Chí Minh, Việt NamThuyết minh báo cáo tài chính riêng cho năm kết thúc ngày 31 tháng 12 năm 2022 (tiếp theo)",,,,False,True
VIB_financial_statements_2022_separate|table_101,VIB_financial_statements_2022_separate,VIB,2022,separate,MILLION_VND,9,1,,"Ngân hàng thương mại cổ phần Quốc Tế Việt NamTầng 1 (Tầng trệt) và Tầng 2 Toà nhà Sailing Tower, Số 111A Pasteur, Phường Bến Nghé, Quận 1Thành phố Hồ Chí Minh, Việt NamThuyết minh báo cáo tài chính riêng cho năm kết thúc ngày 31 tháng 12 năm 2022 (tiếp theo) | Quá hạnTriệu VND",1.813.241,1813241.0,1813241000000.0,False,False
VIB_financial_statements_2022_separate|table_101,VIB_financial_statements_2022_separate,VIB,2022,separate,MILLION_VND,9,2,,"Ngân hàng thương mại cổ phần Quốc Tế Việt NamTầng 1 (Tầng trệt) và Tầng 2 Toà nhà Sailing Tower, Số 111A Pasteur, Phường Bến Nghé, Quận 1Thành phố Hồ Chí Minh, Việt NamThuyết minh báo cáo tài chính riêng cho năm kết thúc ngày 31 tháng 12 năm 2022 (tiếp theo) | Khônghuống lãiTriệu VND",26.583.538,26583538.0,26583538000000.0,False,False
VIB_financial_statements_2022_separate|table_101,VIB_financial_statements_2022_separate,VIB,2022,separate,MILLION_VND,9,3,,"Ngân hàng thương mại cổ phần Quốc Tế Việt NamTầng 1 (Tầng trệt) và Tầng 2 Toà nhà Sailing Tower, Số 111A Pasteur, Phường Bến Nghé, Quận 1Thành phố Hồ Chí Minh, Việt NamThuyết minh báo cáo tài chính riêng cho năm kết thúc ngày 31 tháng 12 năm 2022 (tiếp theo) | Dưới1 thángTriệu VND",63.317.479,63317479.0,63317479000000.0,False,False
VIB_financial_statements_2022_separate|table_101,VIB_financial_statements_2022_separate,VIB,2022,separate,MILLION_VND,9,4,,"Ngân hàng thương mại cổ phần Quốc Tế Việt NamTầng 1 (Tầng trệt) và Tầng 2 Toà nhà Sailing Tower, Số 111A Pasteur, Phường Bến Nghé, Quận 1Thành phố Hồ Chí Minh, Việt NamThuyết minh báo cáo tài chính riêng cho năm kết thúc ngày 31 tháng 12 năm 2022 (tiếp theo) | Từ 1 đến3 thángTriệu VND",112.295.627,112295627.0,112295627000000.0,False,False
VIB_financial_statements_2022_separate|table_101,VIB_financial_statements_2022_separate,VIB,2022,separate,MILLION_VND,9,5,,"Ngân hàng thương mại cổ phần Quốc Tế Việt NamTầng 1 (Tầng trệt) và Tầng 2 Toà nhà Sailing Tower, Số 111A Pasteur, Phường Bến Nghé, Quận 1Thành phố Hồ Chí Minh, Việt NamThuyết minh báo cáo tài chính riêng cho năm kết thúc ngày 31 tháng 12 năm 2022 (tiếp theo) | Từ 3 đến6 thángTriệu VND",58.096.707,58096707.0,58096707000000.0,False,False
VIB_financial_statements_2022_separate|table_101,VIB_financial_statements_2022_separate,VIB,2022,separate,MILLION_VND,9,6,,"Ngân hàng thương mại cổ phần Quốc Tế Việt NamTầng 1 (Tầng trệt) và Tầng 2 Toà nhà Sailing Tower, Số 111A Pasteur, Phường Bến Nghé, Quận 1Thành phố Hồ Chí Minh, Việt NamThuyết minh báo cáo tài chính riêng cho năm kết thúc ngày 31 tháng 12 năm 2022 (tiếp theo) | Từ 6 đến12 thángTriệu VND",37.133.508,37133508.0,37133508000000.0,False,False
VIB_financial_statements_2022_separate|table_101,VIB_financial_statements_2022_separate,VIB,2022,separate,MILLION_VND,9,7,,"Ngân hàng thương mại cổ phần Quốc Tế Việt NamTầng 1 (Tầng trệt) và Tầng 2 Toà nhà Sailing Tower, Số 111A Pasteur, Phường Bến Nghé, Quận 1Thành phố Hồ Chí Minh, Việt NamThuyết minh báo cáo tài chính riêng cho năm kết thúc ngày 31 tháng 12 năm 2022 (tiếp theo) | Từ 1 đến5 nămTriệu VND",10.299.937,10299937.0,10299937000000.0,False,False
VIB_financial_statements_2022_separate|table_101,VIB_financial_statements_2022_separate,VIB,2022,separate,MILLION_VND,9,8,,"Ngân hàng thương mại cổ phần Quốc Tế Việt NamTầng 1 (Tầng trệt) và Tầng 2 Toà nhà Sailing Tower, Số 111A Pasteur, Phường Bến Nghé, Quận 1Thành phố Hồ Chí Minh, Việt NamThuyết minh báo cáo tài chính riêng cho năm kết thúc ngày 31 tháng 12 năm 2022 (tiếp theo) | Trên 5 nămTriệu VND",2.522.904,2522904.0,2522904000000.0,False,False
VIB_financial_statements_2022_separate|table_101,VIB_financial_statements_2022_separate,VIB,2022,separate,MILLION_VND,9,9,,"Ngân hàng thương mại cổ phần Quốc Tế Việt NamTầng 1 (Tầng trệt) và Tầng 2 Toà nhà Sailing Tower, Số 111A Pasteur, Phường Bến Nghé, Quận 1Thành phố Hồ Chí Minh, Việt NamThuyết minh báo cáo tài chính riêng cho năm kết thúc ngày 31 tháng 12 năm 2022 (tiếp theo) | Tổng cộngTriệu VND",312.062.941,312062941.0,312062941000000.0,False,False
VIB_financial_statements_2022_separate|table_101,VIB_financial_statements_2022_separate,VIB,2022,separate,MILLION_VND,9,10,,"Ngân hàng thương mại cổ phần Quốc Tế Việt NamTầng 1 (Tầng trệt) và Tầng 2 Toà nhà Sailing Tower, Số 111A Pasteur, Phường Bến Nghé, Quận 1Thành phố Hồ Chí Minh, Việt NamThuyết minh báo cáo tài chính riêng cho năm kết thúc ngày 31 tháng 12 năm 2022 (tiếp theo)__2",,,,False,True
VIB_financial_statements_2022_separate|table_101,VIB_financial_statements_2022_separate,VIB,2022,separate,MILLION_VND,10,0,Nợ phải trả,"Ngân hàng thương mại cổ phần Quốc Tế Việt NamTầng 1 (Tầng trệt) và Tầng 2 Toà nhà Sailing Tower, Số 111A Pasteur, Phường Bến Nghé, Quận 1Thành phố Hồ Chí Minh, Việt NamThuyết minh báo cáo tài chính riêng cho năm kết thúc ngày 31 tháng 12 năm 2022 (tiếp theo)",Nợ phải trả,,,False,False
VIB_financial_statements_2022_separate|table_101,VIB_financial_statements_2022_separate,VIB,2022,separate,MILLION_VND,10,1,Nợ phải trả,"Ngân hàng thương mại cổ phần Quốc Tế Việt NamTầng 1 (Tầng trệt) và Tầng 2 Toà nhà Sailing Tower, Số 111A Pasteur, Phường Bến Nghé, Quận 1Thành phố Hồ Chí Minh, Việt NamThuyết minh báo cáo tài chính riêng cho năm kết thúc ngày 31 tháng 12 năm 2022 (tiếp theo) | Quá hạnTriệu VND",,,,False,True
VIB_financial_statements_2022_separate|table_101,VIB_financial_statements_2022_separate,VIB,2022,separate,MILLION_VND,10,2,Nợ phải trả,"Ngân hàng thương mại cổ phần Quốc Tế Việt NamTầng 1 (Tầng trệt) và Tầng 2 Toà nhà Sailing Tower, Số 111A Pasteur, Phường Bến Nghé, Quận 1Thành phố Hồ Chí Minh, Việt NamThuyết minh báo cáo tài chính riêng cho năm kết thúc ngày 31 tháng 12 năm 2022 (tiếp theo) | Khônghuống lãiTriệu VND",,,,False,True
VIB_financial_statements_2022_separate|table_101,VIB_financial_statements_2022_separate,VIB,2022,separate,MILLION_VND,10,3,Nợ phải trả,"Ngân hàng thương mại cổ phần Quốc Tế Việt NamTầng 1 (Tầng trệt) và Tầng 2 Toà nhà Sailing Tower, Số 111A Pasteur, Phường Bến Nghé, Quận 1Thành phố Hồ Chí Minh, Việt NamThuyết minh báo cáo tài chính riêng cho năm kết thúc ngày 31 tháng 12 năm 2022 (tiếp theo) | Dưới1 thángTriệu VND",,,,False,True
VIB_financial_statements_2022_separate|table_101,VIB_financial_statements_2022_separate,VIB,2022,separate,MILLION_VND,10,4,Nợ phải trả,"Ngân hàng thương mại cổ phần Quốc Tế Việt NamTầng 1 (Tầng trệt) và Tầng 2 Toà nhà Sailing Tower, Số 111A Pasteur, Phường Bến Nghé, Quận 1Thành phố Hồ Chí Minh, Việt NamThuyết minh báo cáo tài chính riêng cho năm kết thúc ngày 31 tháng 12 năm 2022 (tiếp theo) | Từ 1 đến3 thángTriệu VND",,,,False,True
VIB_financial_statements_2022_separate|table_101,VIB_financial_statements_2022_separate,VIB,2022,separate,MILLION_VND,10,5,Nợ phải trả,"Ngân hàng thương mại cổ phần Quốc Tế Việt NamTầng 1 (Tầng trệt) và Tầng 2 Toà nhà Sailing Tower, Số 111A Pasteur, Phường Bến Nghé, Quận 1Thành phố Hồ Chí Minh, Việt NamThuyết minh báo cáo tài chính riêng cho năm kết thúc ngày 31 tháng 12 năm 2022 (tiếp theo) | Từ 3 đến6 thángTriệu VND",,,,False,True
VIB_financial_statements_2022_separate|table_101,VIB_financial_statements_2022_separate,VIB,2022,separate,MILLION_VND,10,6,Nợ phải trả,"Ngân hàng thương mại cổ phần Quốc Tế Việt NamTầng 1 (Tầng trệt) và Tầng 2 Toà nhà Sailing Tower, Số 111A Pasteur, Phường Bến Nghé, Quận 1Thành phố Hồ Chí Minh, Việt NamThuyết minh báo cáo tài chính riêng cho năm kết thúc ngày 31 tháng 12 năm 2022 (tiếp theo) | Từ 6 đến12 thángTriệu VND",,,,False,True
VIB_financial_statements_2022_separate|table_101,VIB_financial_statements_2022_separate,VIB,2022,separate,MILLION_VND,10,7,Nợ phải trả,"Ngân hàng thương mại cổ phần Quốc Tế Việt NamTầng 1 (Tầng trệt) và Tầng 2 Toà nhà Sailing Tower, Số 111A Pasteur, Phường Bến Nghé, Quận 1Thành phố Hồ Chí Minh, Việt NamThuyết minh báo cáo tài chính riêng cho năm kết thúc ngày 31 tháng 12 năm 2022 (tiếp theo) | Từ 1 đến5 nămTriệu VND",,,,False,True
VIB_financial_statements_2022_separate|table_101,VIB_financial_statements_2022_separate,VIB,2022,separate,MILLION_VND,10,8,Nợ phải trả,"Ngân hàng thương mại cổ phần Quốc Tế Việt NamTầng 1 (Tầng trệt) và Tầng 2 Toà nhà Sailing Tower, Số 111A Pasteur, Phường Bến Nghé, Quận 1Thành phố Hồ Chí Minh, Việt NamThuyết minh báo cáo tài chính riêng cho năm kết thúc ngày 31 tháng 12 năm 2022 (tiếp theo) | Trên 5 nămTriệu VND",,,,False,True
VIB_financial_statements_2022_separate|table_101,VIB_financial_statements_2022_separate,VIB,2022,separate,MILLION_VND,10,9,Nợ phải trả,"Ngân hàng thương mại cổ phần Quốc Tế Việt NamTầng 1 (Tầng trệt) và Tầng 2 Toà nhà Sailing Tower, Số 111A Pasteur, Phường Bến Nghé, Quận 1Thành phố Hồ Chí Minh, Việt NamThuyết minh báo cáo tài chính riêng cho năm kết thúc ngày 31 tháng 12 năm 2022 (tiếp theo) | Tổng cộngTriệu VND",,,,False,True
VIB_financial_statements_2022_separate|table_101,VIB_financial_statements_2022_separate,VIB,2022,separate,MILLION_VND,10,10,Nợ phải trả,"Ngân hàng thương mại cổ phần Quốc Tế Việt NamTầng 1 (Tầng trệt) và Tầng 2 Toà nhà Sailing Tower, Số 111A Pasteur, Phường Bến Nghé, Quận 1Thành phố Hồ Chí Minh, Việt NamThuyết minh báo cáo tài chính riêng cho năm kết thúc ngày 31 tháng 12 năm 2022 (tiếp theo)__2",,,,False,True
VIB_financial_statements_2022_separate|table_101,VIB_financial_statements_2022_separate,VIB,2022,separate,MILLION_VND,11,0,Tiền gửi và vay các TCTD khác,"Ngân hàng thương mại cổ phần Quốc Tế Việt NamTầng 1 (Tầng trệt) và Tầng 2 Toà nhà Sailing Tower, Số 111A Pasteur, Phường Bến Nghé, Quận 1Thành phố Hồ Chí Minh, Việt NamThuyết minh báo cáo tài chính riêng cho năm kết thúc ngày 31 tháng 12 năm 2022 (tiếp theo)",Tiền gửi và vay các TCTD khác,,,False,False
VIB_financial_statements_2022_separate|table_101,VIB_financial_statements_2022_separate,VIB,2022,separate,MILLION_VND,11,1,Tiền gửi và vay các TCTD khác,"Ngân hàng thương mại cổ phần Quốc Tế Việt NamTầng 1 (Tầng trệt) và Tầng 2 Toà nhà Sailing Tower, Số 111A Pasteur, Phường Bến Nghé, Quận 1Thành phố Hồ Chí Minh, Việt NamThuyết minh báo cáo tài chính riêng cho năm kết thúc ngày 31 tháng 12 năm 2022 (tiếp theo) | Quá hạnTriệu VND",-,0.0,0.0,True,False
VIB_financial_statements_2022_separate|table_101,VIB_financial_statements_2022_separate,VIB,2022,separate,MILLION_VND,11,2,Tiền gửi và vay các TCTD khác,"Ngân hàng thương mại cổ phần Quốc Tế Việt NamTầng 1 (Tầng trệt) và Tầng 2 Toà nhà Sailing Tower, Số 111A Pasteur, Phường Bến Nghé, Quận 1Thành phố Hồ Chí Minh, Việt NamThuyết minh báo cáo tài chính riêng cho năm kết thúc ngày 31 tháng 12 năm 2022 (tiếp theo) | Khônghuống lãiTriệu VND",-,0.0,0.0,True,False
VIB_financial_statements_2022_separate|table_101,VIB_financial_statements_2022_separate,VIB,2022,separate,MILLION_VND,11,3,Tiền gửi và vay các TCTD khác,"Ngân hàng thương mại cổ phần Quốc Tế Việt NamTầng 1 (Tầng trệt) và Tầng 2 Toà nhà Sailing Tower, Số 111A Pasteur, Phường Bến Nghé, Quận 1Thành phố Hồ Chí Minh, Việt NamThuyết minh báo cáo tài chính riêng cho năm kết thúc ngày 31 tháng 12 năm 2022 (tiếp theo) | Dưới1 thángTriệu VND",35.435.558,35435558.0,35435558000000.0,False,False
VIB_financial_statements_2022_separate|table_101,VIB_financial_statements_2022_separate,VIB,2022,separate,MILLION_VND,11,4,Tiền gửi và vay các TCTD khác,"Ngân hàng thương mại cổ phần Quốc Tế Việt NamTầng 1 (Tầng trệt) và Tầng 2 Toà nhà Sailing Tower, Số 111A Pasteur, Phường Bến Nghé, Quận 1Thành phố Hồ Chí Minh, Việt NamThuyết minh báo cáo tài chính riêng cho năm kết thúc ngày 31 tháng 12 năm 2022 (tiếp theo) | Từ 1 đến3 thángTriệu VND",17.826.329,17826329.0,17826329000000.0,False,False
VIB_financial_statements_2022_separate|table_101,VIB_financial_statements_2022_separate,VIB,2022,separate,MILLION_VND,11,5,Tiền gửi và vay các TCTD khác,"Ngân hàng thương mại cổ phần Quốc Tế Việt NamTầng 1 (Tầng trệt) và Tầng 2 Toà nhà Sailing Tower, Số 111A Pasteur, Phường Bến Nghé, Quận 1Thành phố Hồ Chí Minh, Việt NamThuyết minh báo cáo tài chính riêng cho năm kết thúc ngày 31 tháng 12 năm 2022 (tiếp theo) | Từ 3 đến6 thángTriệu VND",11.034.678,11034678.0,11034678000000.0,False,False
VIB_financial_statements_2022_separate|table_101,VIB_financial_statements_2022_separate,VIB,2022,separate,MILLION_VND,11,6,Tiền gửi và vay các TCTD khác,"Ngân hàng thương mại cổ phần Quốc Tế Việt NamTầng 1 (Tầng trệt) và Tầng 2 Toà nhà Sailing Tower, Số 111A Pasteur, Phường Bến Nghé, Quận 1Thành phố Hồ Chí Minh, Việt NamThuyết minh báo cáo tài chính riêng cho năm kết thúc ngày 31 tháng 12 năm 2022 (tiếp theo) | Từ 6 đến12 thángTriệu VND",159.905,159905.0,159905000000.0,False,False
VIB_financial_statements_2022_separate|table_101,VIB_financial_statements_2022_separate,VIB,2022,separate,MILLION_VND,11,7,Tiền gửi và vay các TCTD khác,"Ngân hàng thương mại cổ phần Quốc Tế Việt NamTầng 1 (Tầng trệt) và Tầng 2 Toà nhà Sailing Tower, Số 111A Pasteur, Phường Bến Nghé, Quận 1Thành phố Hồ Chí Minh, Việt NamThuyết minh báo cáo tài chính riêng cho năm kết thúc ngày 31 tháng 12 năm 2022 (tiếp theo) | Từ 1 đến5 nămTriệu VND",-,0.0,0.0,True,False
VIB_financial_statements_2022_separate|table_101,VIB_financial_statements_2022_separate,VIB,2022,separate,MILLION_VND,11,8,Tiền gửi và vay các TCTD khác,"Ngân hàng thương mại cổ phần Quốc Tế Việt NamTầng 1 (Tầng trệt) và Tầng 2 Toà nhà Sailing Tower, Số 111A Pasteur, Phường Bến Nghé, Quận 1Thành phố Hồ Chí Minh, Việt NamThuyết minh báo cáo tài chính riêng cho năm kết thúc ngày 31 tháng 12 năm 2022 (tiếp theo) | Trên 5 nămTriệu VND",-,0.0,0.0,True,False
VIB_financial_statements_2022_separate|table_101,VIB_financial_statements_2022_separate,VIB,2022,separate,MILLION_VND,11,9,Tiền gửi và vay các TCTD khác,"Ngân hàng thương mại cổ phần Quốc Tế Việt NamTầng 1 (Tầng trệt) và Tầng 2 Toà nhà Sailing Tower, Số 111A Pasteur, Phường Bến Nghé, Quận 1Thành phố Hồ Chí Minh, Việt NamThuyết minh báo cáo tài chính riêng cho năm kết thúc ngày 31 tháng 12 năm 2022 (tiếp theo) | Tổng cộngTriệu VND",64.456.470,64456470.0,64456470000000.0,False,False
VIB_financial_statements_2022_separate|table_101,VIB_financial_statements_2022_separate,VIB,2022,separate,MILLION_VND,11,10,Tiền gửi và vay các TCTD khác,"Ngân hàng thương mại cổ phần Quốc Tế Việt NamTầng 1 (Tầng trệt) và Tầng 2 Toà nhà Sailing Tower, Số 111A Pasteur, Phường Bến Nghé, Quận 1Thành phố Hồ Chí Minh, Việt NamThuyết minh báo cáo tài chính riêng cho năm kết thúc ngày 31 tháng 12 năm 2022 (tiếp theo)__2",,,,False,True
VIB_financial_statements_2022_separate|table_101,VIB_financial_statements_2022_separate,VIB,2022,separate,MILLION_VND,12,0,Tiền gửi của khách hàng,"Ngân hàng thương mại cổ phần Quốc Tế Việt NamTầng 1 (Tầng trệt) và Tầng 2 Toà nhà Sailing Tower, Số 111A Pasteur, Phường Bến Nghé, Quận 1Thành phố Hồ Chí Minh, Việt NamThuyết minh báo cáo tài chính riêng cho năm kết thúc ngày 31 tháng 12 năm 2022 (tiếp theo)",Tiền gửi của khách hàng,,,False,False
VIB_financial_statements_2022_separate|table_101,VIB_financial_statements_2022_separate,VIB,2022,separate,MILLION_VND,12,1,Tiền gửi của khách hàng,"Ngân hàng thương mại cổ phần Quốc Tế Việt NamTầng 1 (Tầng trệt) và Tầng 2 Toà nhà Sailing Tower, Số 111A Pasteur, Phường Bến Nghé, Quận 1Thành phố Hồ Chí Minh, Việt NamThuyết minh báo cáo tài chính riêng cho năm kết thúc ngày 31 tháng 12 năm 2022 (tiếp theo) | Quá hạnTriệu VND",-,0.0,0.0,True,False
VIB_financial_statements_2022_separate|table_101,VIB_financial_statements_2022_separate,VIB,2022,separate,MILLION_VND,12,2,Tiền gửi của khách hàng,"Ngân hàng thương mại cổ phần Quốc Tế Việt NamTầng 1 (Tầng trệt) và Tầng 2 Toà nhà Sailing Tower, Số 111A Pasteur, Phường Bến Nghé, Quận 1Thành phố Hồ Chí Minh, Việt NamThuyết minh báo cáo tài chính riêng cho năm kết thúc ngày 31 tháng 12 năm 2022 (tiếp theo) | Khônghuống lãiTriệu VND",31.517,31517.0,31517000000.0,False,False
VIB_financial_statements_2022_separate|table_101,VIB_financial_statements_2022_separate,VIB,2022,separate,MILLION_VND,12,3,Tiền gửi của khách hàng,"Ngân hàng thương mại cổ phần Quốc Tế Việt NamTầng 1 (Tầng trệt) và Tầng 2 Toà nhà Sailing Tower, Số 111A Pasteur, Phường Bến Nghé, Quận 1Thành phố Hồ Chí Minh, Việt NamThuyết minh báo cáo tài chính riêng cho năm kết thúc ngày 31 tháng 12 năm 2022 (tiếp theo) | Dưới1 thángTriệu VND",73.618.036,73618036.0,73618036000000.0,False,False
VIB_financial_statements_2022_separate|table_101,VIB_financial_statements_2022_separate,VIB,2022,separate,MILLION_VND,12,4,Tiền gửi của khách hàng,"Ngân hàng thương mại cổ phần Quốc Tế Việt NamTầng 1 (Tầng trệt) và Tầng 2 Toà nhà Sailing Tower, Số 111A Pasteur, Phường Bến Nghé, Quận 1Thành phố Hồ Chí Minh, Việt NamThuyết minh báo cáo tài chính riêng cho năm kết thúc ngày 31 tháng 12 năm 2022 (tiếp theo) | Từ 1 đến3 thángTriệu VND",44.742.337,44742337.0,44742337000000.0,False,False
VIB_financial_statements_2022_separate|table_101,VIB_financial_statements_2022_separate,VIB,2022,separate,MILLION_VND,12,5,Tiền gửi của khách hàng,"Ngân hàng thương mại cổ phần Quốc Tế Việt NamTầng 1 (Tầng trệt) và Tầng 2 Toà nhà Sailing Tower, Số 111A Pasteur, Phường Bến Nghé, Quận 1Thành phố Hồ Chí Minh, Việt NamThuyết minh báo cáo tài chính riêng cho năm kết thúc ngày 31 tháng 12 năm 2022 (tiếp theo) | Từ 3 đến6 thángTriệu VND",33.889.975,33889975.0,33889975000000.0,False,False
VIB_financial_statements_2022_separate|table_101,VIB_financial_statements_2022_separate,VIB,2022,separate,MILLION_VND,12,6,Tiền gửi của khách hàng,"Ngân hàng thương mại cổ phần Quốc Tế Việt NamTầng 1 (Tầng trệt) và Tầng 2 Toà nhà Sailing Tower, Số 111A Pasteur, Phường Bến Nghé, Quận 1Thành phố Hồ Chí Minh, Việt NamThuyết minh báo cáo tài chính riêng cho năm kết thúc ngày 31 tháng 12 năm 2022 (tiếp theo) | Từ 6 đến12 thángTriệu VND",12.420.635,12420635.0,12420635000000.0,False,False
VIB_financial_statements_2022_separate|table_101,VIB_financial_statements_2022_separate,VIB,2022,separate,MILLION_VND,12,7,Tiền gửi của khách hàng,"Ngân hàng thương mại cổ phần Quốc Tế Việt NamTầng 1 (Tầng trệt) và Tầng 2 Toà nhà Sailing Tower, Số 111A Pasteur, Phường Bến Nghé, Quận 1Thành phố Hồ Chí Minh, Việt NamThuyết minh báo cáo tài chính riêng cho năm kết thúc ngày 31 tháng 12 năm 2022 (tiếp theo) | Từ 1 đến5 nămTriệu VND",9.000.152,9000152.0,9000152000000.0,False,False
VIB_financial_statements_2022_separate|table_101,VIB_financial_statements_2022_separate,VIB,2022,separate,MILLION_VND,12,8,Tiền gửi của khách hàng,"Ngân hàng thương mại cổ phần Quốc Tế Việt NamTầng 1 (Tầng trệt) và Tầng 2 Toà nhà Sailing Tower, Số 111A Pasteur, Phường Bến Nghé, Quận 1Thành phố Hồ Chí Minh, Việt NamThuyết minh báo cáo tài chính riêng cho năm kết thúc ngày 31 tháng 12 năm 2022 (tiếp theo) | Trên 5 nămTriệu VND",-,0.0,0.0,True,False
VIB_financial_statements_2022_separate|table_101,VIB_financial_statements_2022_separate,VIB,2022,separate,MILLION_VND,12,9,Tiền gửi của khách hàng,"Ngân hàng thương mại cổ phần Quốc Tế Việt NamTầng 1 (Tầng trệt) và Tầng 2 Toà nhà Sailing Tower, Số 111A Pasteur, Phường Bến Nghé, Quận 1Thành phố Hồ Chí Minh, Việt NamThuyết minh báo cáo tài chính riêng cho năm kết thúc ngày 31 tháng 12 năm 2022 (tiếp theo) | Tổng cộngTriệu VND",173.702.652,173702652.0,173702652000000.0,False,False
VIB_financial_statements_2022_separate|table_101,VIB_financial_statements_2022_separate,VIB,2022,separate,MILLION_VND,12,10,Tiền gửi của khách hàng,"Ngân hàng thương mại cổ phần Quốc Tế Việt NamTầng 1 (Tầng trệt) và Tầng 2 Toà nhà Sailing Tower, Số 111A Pasteur, Phường Bến Nghé, Quận 1Thành phố Hồ Chí Minh, Việt NamThuyết minh báo cáo tài chính riêng cho năm kết thúc ngày 31 tháng 12 năm 2022 (tiếp theo)__2",,,,False,True
VIB_financial_statements_2022_separate|table_101,VIB_financial_statements_2022_separate,VIB,2022,separate,MILLION_VND,13,0,Các công cụ tài chính phải sinh và cáckhoản nợ tài chính khác,"Ngân hàng thương mại cổ phần Quốc Tế Việt NamTầng 1 (Tầng trệt) và Tầng 2 Toà nhà Sailing Tower, Số 111A Pasteur, Phường Bến Nghé, Quận 1Thành phố Hồ Chí Minh, Việt NamThuyết minh báo cáo tài chính riêng cho năm kết thúc ngày 31 tháng 12 năm 2022 (tiếp theo)",Các công cụ tài chính phải sinh và cáckhoản nợ tài chính khác,,,False,False
VIB_financial_statements_2022_separate|table_101,VIB_financial_statements_2022_separate,VIB,2022,separate,MILLION_VND,13,1,Các công cụ tài chính phải sinh và cáckhoản nợ tài chính khác,"Ngân hàng thương mại cổ phần Quốc Tế Việt NamTầng 1 (Tầng trệt) và Tầng 2 Toà nhà Sailing Tower, Số 111A Pasteur, Phường Bến Nghé, Quận 1Thành phố Hồ Chí Minh, Việt NamThuyết minh báo cáo tài chính riêng cho năm kết thúc ngày 31 tháng 12 năm 2022 (tiếp theo) | Quá hạnTriệu VND",-,0.0,0.0,True,False
VIB_financial_statements_2022_separate|table_101,VIB_financial_statements_2022_separate,VIB,2022,separate,MILLION_VND,13,2,Các công cụ tài chính phải sinh và cáckhoản nợ tài chính khác,"Ngân hàng thương mại cổ phần Quốc Tế Việt NamTầng 1 (Tầng trệt) và Tầng 2 Toà nhà Sailing Tower, Số 111A Pasteur, Phường Bến Nghé, Quận 1Thành phố Hồ Chí Minh, Việt NamThuyết minh báo cáo tài chính riêng cho năm kết thúc ngày 31 tháng 12 năm 2022 (tiếp theo) | Khônghuống lãiTriệu VND",63.933,63933.0,63933000000.0,False,False
VIB_financial_statements_2022_separate|table_101,VIB_financial_statements_2022_separate,VIB,2022,separate,MILLION_VND,13,3,Các công cụ tài chính phải sinh và cáckhoản nợ tài chính khác,"Ngân hàng thương mại cổ phần Quốc Tế Việt NamTầng 1 (Tầng trệt) và Tầng 2 Toà nhà Sailing Tower, Số 111A Pasteur, Phường Bến Nghé, Quận 1Thành phố Hồ Chí Minh, Việt NamThuyết minh báo cáo tài chính riêng cho năm kết thúc ngày 31 tháng 12 năm 2022 (tiếp theo) | Dưới1 thángTriệu VND",-,0.0,0.0,True,False
VIB_financial_statements_2022_separate|table_101,VIB_financial_statements_2022_separate,VIB,2022,separate,MILLION_VND,13,4,Các công cụ tài chính phải sinh và cáckhoản nợ tài chính khác,"Ngân hàng thương mại cổ phần Quốc Tế Việt NamTầng 1 (Tầng trệt) và Tầng 2 Toà nhà Sailing Tower, Số 111A Pasteur, Phường Bến Nghé, Quận 1Thành phố Hồ Chí Minh, Việt NamThuyết minh báo cáo tài chính riêng cho năm kết thúc ngày 31 tháng 12 năm 2022 (tiếp theo) | Từ 1 đến3 thángTriệu VND",-,0.0,0.0,True,False
VIB_financial_statements_2022_separate|table_101,VIB_financial_statements_2022_separate,VIB,2022,separate,MILLION_VND,13,5,Các công cụ tài chính phải sinh và cáckhoản nợ tài chính khác,"Ngân hàng thương mại cổ phần Quốc Tế Việt NamTầng 1 (Tầng trệt) và Tầng 2 Toà nhà Sailing Tower, Số 111A Pasteur, Phường Bến Nghé, Quận 1Thành phố Hồ Chí Minh, Việt NamThuyết minh báo cáo tài chính riêng cho năm kết thúc ngày 31 tháng 12 năm 2022 (tiếp theo) | Từ 3 đến6 thángTriệu VND",-,0.0,0.0,True,False
VIB_financial_statements_2022_separate|table_101,VIB_financial_statements_2022_separate,VIB,2022,separate,MILLION_VND,13,6,Các công cụ tài chính phải sinh và cáckhoản nợ tài chính khác,"Ngân hàng thương mại cổ phần Quốc Tế Việt NamTầng 1 (Tầng trệt) và Tầng 2 Toà nhà Sailing Tower, Số 111A Pasteur, Phường Bến Nghé, Quận 1Thành phố Hồ Chí Minh, Việt NamThuyết minh báo cáo tài chính riêng cho năm kết thúc ngày 31 tháng 12 năm 2022 (tiếp theo) | Từ 6 đến12 thángTriệu VND",-,0.0,0.0,True,False
VIB_financial_statements_2022_separate|table_101,VIB_financial_statements_2022_separate,VIB,2022,separate,MILLION_VND,13,7,Các công cụ tài chính phải sinh và cáckhoản nợ tài chính khác,"Ngân hàng thương mại cổ phần Quốc Tế Việt NamTầng 1 (Tầng trệt) và Tầng 2 Toà nhà Sailing Tower, Số 111A Pasteur, Phường Bến Nghé, Quận 1Thành phố Hồ Chí Minh, Việt NamThuyết minh báo cáo tài chính riêng cho năm kết thúc ngày 31 tháng 12 năm 2022 (tiếp theo) | Từ 1 đến5 nămTriệu VND",-,0.0,0.0,True,False
VIB_financial_statements_2022_separate|table_101,VIB_financial_statements_2022_separate,VIB,2022,separate,MILLION_VND,13,8,Các công cụ tài chính phải sinh và cáckhoản nợ tài chính khác,"Ngân hàng thương mại cổ phần Quốc Tế Việt NamTầng 1 (Tầng trệt) và Tầng 2 Toà nhà Sailing Tower, Số 111A Pasteur, Phường Bến Nghé, Quận 1Thành phố Hồ Chí Minh, Việt NamThuyết minh báo cáo tài chính riêng cho năm kết thúc ngày 31 tháng 12 năm 2022 (tiếp theo) | Trên 5 nămTriệu VND",-,0.0,0.0,True,False
VIB_financial_statements_2022_separate|table_101,VIB_financial_statements_2022_separate,VIB,2022,separate,MILLION_VND,13,9,Các công cụ tài chính phải sinh và cáckhoản nợ tài chính khác,"Ngân hàng thương mại cổ phần Quốc Tế Việt NamTầng 1 (Tầng trệt) và Tầng 2 Toà nhà Sailing Tower, Số 111A Pasteur, Phường Bến Nghé, Quận 1Thành phố Hồ Chí Minh, Việt NamThuyết minh báo cáo tài chính riêng cho năm kết thúc ngày 31 tháng 12 năm 2022 (tiếp theo) | Tổng cộngTriệu VND",63.933,63933.0,63933000000.0,False,False
VIB_financial_statements_2022_separate|table_101,VIB_financial_statements_2022_separate,VIB,2022,separate,MILLION_VND,13,10,Các công cụ tài chính phải sinh và cáckhoản nợ tài chính khác,"Ngân hàng thương mại cổ phần Quốc Tế Việt NamTầng 1 (Tầng trệt) và Tầng 2 Toà nhà Sailing Tower, Số 111A Pasteur, Phường Bến Nghé, Quận 1Thành phố Hồ Chí Minh, Việt NamThuyết minh báo cáo tài chính riêng cho năm kết thúc ngày 31 tháng 12 năm 2022 (tiếp theo)__2",,,,False,True
VIB_financial_statements_2022_separate|table_101,VIB_financial_statements_2022_separate,VIB,2022,separate,MILLION_VND,14,0,"Vốn tài trợ, ủy thác đầu tư, cho vayTCTD chịu rủi ro","Ngân hàng thương mại cổ phần Quốc Tế Việt NamTầng 1 (Tầng trệt) và Tầng 2 Toà nhà Sailing Tower, Số 111A Pasteur, Phường Bến Nghé, Quận 1Thành phố Hồ Chí Minh, Việt NamThuyết minh báo cáo tài chính riêng cho năm kết thúc ngày 31 tháng 12 năm 2022 (tiếp theo)","Vốn tài trợ, ủy thác đầu tư, cho vayTCTD chịu rủi ro",,,False,False
VIB_financial_statements_2022_separate|table_101,VIB_financial_statements_2022_separate,VIB,2022,separate,MILLION_VND,14,1,"Vốn tài trợ, ủy thác đầu tư, cho vayTCTD chịu rủi ro","Ngân hàng thương mại cổ phần Quốc Tế Việt NamTầng 1 (Tầng trệt) và Tầng 2 Toà nhà Sailing Tower, Số 111A Pasteur, Phường Bến Nghé, Quận 1Thành phố Hồ Chí Minh, Việt NamThuyết minh báo cáo tài chính riêng cho năm kết thúc ngày 31 tháng 12 năm 2022 (tiếp theo) | Quá hạnTriệu VND",-,0.0,0.0,True,False
VIB_financial_statements_2022_separate|table_101,VIB_financial_statements_2022_separate,VIB,2022,separate,MILLION_VND,14,2,"Vốn tài trợ, ủy thác đầu tư, cho vayTCTD chịu rủi ro","Ngân hàng thương mại cổ phần Quốc Tế Việt NamTầng 1 (Tầng trệt) và Tầng 2 Toà nhà Sailing Tower, Số 111A Pasteur, Phường Bến Nghé, Quận 1Thành phố Hồ Chí Minh, Việt NamThuyết minh báo cáo tài chính riêng cho năm kết thúc ngày 31 tháng 12 năm 2022 (tiếp theo) | Khônghuống lãiTriệu VND",-,0.0,0.0,True,False
VIB_financial_statements_2022_separate|table_101,VIB_financial_statements_2022_separate,VIB,2022,separate,MILLION_VND,14,3,"Vốn tài trợ, ủy thác đầu tư, cho vayTCTD chịu rủi ro","Ngân hàng thương mại cổ phần Quốc Tế Việt NamTầng 1 (Tầng trệt) và Tầng 2 Toà nhà Sailing Tower, Số 111A Pasteur, Phường Bến Nghé, Quận 1Thành phố Hồ Chí Minh, Việt NamThuyết minh báo cáo tài chính riêng cho năm kết thúc ngày 31 tháng 12 năm 2022 (tiếp theo) | Dưới1 thángTriệu VND",4.756,4756.0,4756000000.0,False,False
VIB_financial_statements_2022_separate|table_101,VIB_financial_statements_2022_separate,VIB,2022,separate,MILLION_VND,14,4,"Vốn tài trợ, ủy thác đầu tư, cho vayTCTD chịu rủi ro","Ngân hàng thương mại cổ phần Quốc Tế Việt NamTầng 1 (Tầng trệt) và Tầng 2 Toà nhà Sailing Tower, Số 111A Pasteur, Phường Bến Nghé, Quận 1Thành phố Hồ Chí Minh, Việt NamThuyết minh báo cáo tài chính riêng cho năm kết thúc ngày 31 tháng 12 năm 2022 (tiếp theo) | Từ 1 đến3 thángTriệu VND",3.892,3892.0,3892000000.0,False,False
VIB_financial_statements_2022_separate|table_101,VIB_financial_statements_2022_separate,VIB,2022,separate,MILLION_VND,14,5,"Vốn tài trợ, ủy thác đầu tư, cho vayTCTD chịu rủi ro","Ngân hàng thương mại cổ phần Quốc Tế Việt NamTầng 1 (Tầng trệt) và Tầng 2 Toà nhà Sailing Tower, Số 111A Pasteur, Phường Bến Nghé, Quận 1Thành phố Hồ Chí Minh, Việt NamThuyết minh báo cáo tài chính riêng cho năm kết thúc ngày 31 tháng 12 năm 2022 (tiếp theo) | Từ 3 đến6 thángTriệu VND",-,0.0,0.0,True,False
VIB_financial_statements_2022_separate|table_101,VIB_financial_statements_2022_separate,VIB,2022,separate,MILLION_VND,14,6,"Vốn tài trợ, ủy thác đầu tư, cho vayTCTD chịu rủi ro","Ngân hàng thương mại cổ phần Quốc Tế Việt NamTầng 1 (Tầng trệt) và Tầng 2 Toà nhà Sailing Tower, Số 111A Pasteur, Phường Bến Nghé, Quận 1Thành phố Hồ Chí Minh, Việt NamThuyết minh báo cáo tài chính riêng cho năm kết thúc ngày 31 tháng 12 năm 2022 (tiếp theo) | Từ 6 đến12 thángTriệu VND",-,0.0,0.0,True,False
VIB_financial_statements_2022_separate|table_101,VIB_financial_statements_2022_separate,VIB,2022,separate,MILLION_VND,14,7,"Vốn tài trợ, ủy thác đầu tư, cho vayTCTD chịu rủi ro","Ngân hàng thương mại cổ phần Quốc Tế Việt NamTầng 1 (Tầng trệt) và Tầng 2 Toà nhà Sailing Tower, Số 111A Pasteur, Phường Bến Nghé, Quận 1Thành phố Hồ Chí Minh, Việt NamThuyết minh báo cáo tài chính riêng cho năm kết thúc ngày 31 tháng 12 năm 2022 (tiếp theo) | Từ 1 đến5 nămTriệu VND",-,0.0,0.0,True,False
VIB_financial_statements_2022_separate|table_101,VIB_financial_statements_2022_separate,VIB,2022,separate,MILLION_VND,14,8,"Vốn tài trợ, ủy thác đầu tư, cho vayTCTD chịu rủi ro","Ngân hàng thương mại cổ phần Quốc Tế Việt NamTầng 1 (Tầng trệt) và Tầng 2 Toà nhà Sailing Tower, Số 111A Pasteur, Phường Bến Nghé, Quận 1Thành phố Hồ Chí Minh, Việt NamThuyết minh báo cáo tài chính riêng cho năm kết thúc ngày 31 tháng 12 năm 2022 (tiếp theo) | Trên 5 nămTriệu VND",-,0.0,0.0,True,False
VIB_financial_statements_2022_separate|table_101,VIB_financial_statements_2022_separate,VIB,2022,separate,MILLION_VND,14,9,"Vốn tài trợ, ủy thác đầu tư, cho vayTCTD chịu rủi ro","Ngân hàng thương mại cổ phần Quốc Tế Việt NamTầng 1 (Tầng trệt) và Tầng 2 Toà nhà Sailing Tower, Số 111A Pasteur, Phường Bến Nghé, Quận 1Thành phố Hồ Chí Minh, Việt NamThuyết minh báo cáo tài chính riêng cho năm kết thúc ngày 31 tháng 12 năm 2022 (tiếp theo) | Tổng cộngTriệu VND",8.648,8648.0,8648000000.0,False,False
VIB_financial_statements_2022_separate|table_101,VIB_financial_statements_2022_separate,VIB,2022,separate,MILLION_VND,14,10,"Vốn tài trợ, ủy thác đầu tư, cho vayTCTD chịu rủi ro","Ngân hàng thương mại cổ phần Quốc Tế Việt NamTầng 1 (Tầng trệt) và Tầng 2 Toà nhà Sailing Tower, Số 111A Pasteur, Phường Bến Nghé, Quận 1Thành phố Hồ Chí Minh, Việt NamThuyết minh báo cáo tài chính riêng cho năm kết thúc ngày 31 tháng 12 năm 2022 (tiếp theo)__2",,,,False,True
VIB_financial_statements_2022_separate|table_101,VIB_financial_statements_2022_separate,VIB,2022,separate,MILLION_VND,15,0,Phát hành giấy tờ có giá,"Ngân hàng thương mại cổ phần Quốc Tế Việt NamTầng 1 (Tầng trệt) và Tầng 2 Toà nhà Sailing Tower, Số 111A Pasteur, Phường Bến Nghé, Quận 1Thành phố Hồ Chí Minh, Việt NamThuyết minh báo cáo tài chính riêng cho năm kết thúc ngày 31 tháng 12 năm 2022 (tiếp theo)",Phát hành giấy tờ có giá,,,False,False
VIB_financial_statements_2022_separate|table_101,VIB_financial_statements_2022_separate,VIB,2022,separate,MILLION_VND,15,1,Phát hành giấy tờ có giá,"Ngân hàng thương mại cổ phần Quốc Tế Việt NamTầng 1 (Tầng trệt) và Tầng 2 Toà nhà Sailing Tower, Số 111A Pasteur, Phường Bến Nghé, Quận 1Thành phố Hồ Chí Minh, Việt NamThuyết minh báo cáo tài chính riêng cho năm kết thúc ngày 31 tháng 12 năm 2022 (tiếp theo) | Quá hạnTriệu VND",-,0.0,0.0,True,False
VIB_financial_statements_2022_separate|table_101,VIB_financial_statements_2022_separate,VIB,2022,separate,MILLION_VND,15,2,Phát hành giấy tờ có giá,"Ngân hàng thương mại cổ phần Quốc Tế Việt NamTầng 1 (Tầng trệt) và Tầng 2 Toà nhà Sailing Tower, Số 111A Pasteur, Phường Bến Nghé, Quận 1Thành phố Hồ Chí Minh, Việt NamThuyết minh báo cáo tài chính riêng cho năm kết thúc ngày 31 tháng 12 năm 2022 (tiếp theo) | Khônghuống lãiTriệu VND",793,793.0,793000000.0,False,False
VIB_financial_statements_2022_separate|table_101,VIB_financial_statements_2022_separate,VIB,2022,separate,MILLION_VND,15,3,Phát hành giấy tờ có giá,"Ngân hàng thương mại cổ phần Quốc Tế Việt NamTầng 1 (Tầng trệt) và Tầng 2 Toà nhà Sailing Tower, Số 111A Pasteur, Phường Bến Nghé, Quận 1Thành phố Hồ Chí Minh, Việt NamThuyết minh báo cáo tài chính riêng cho năm kết thúc ngày 31 tháng 12 năm 2022 (tiếp theo) | Dưới1 thángTriệu VND",-,0.0,0.0,True,False
VIB_financial_statements_2022_separate|table_101,VIB_financial_statements_2022_separate,VIB,2022,separate,MILLION_VND,15,4,Phát hành giấy tờ có giá,"Ngân hàng thương mại cổ phần Quốc Tế Việt NamTầng 1 (Tầng trệt) và Tầng 2 Toà nhà Sailing Tower, Số 111A Pasteur, Phường Bến Nghé, Quận 1Thành phố Hồ Chí Minh, Việt NamThuyết minh báo cáo tài chính riêng cho năm kết thúc ngày 31 tháng 12 năm 2022 (tiếp theo) | Từ 1 đến3 thángTriệu VND",4.811.500,4811500.0,4811500000000.0,False,False
VIB_financial_statements_2022_separate|table_101,VIB_financial_statements_2022_separate,VIB,2022,separate,MILLION_VND,15,5,Phát hành giấy tờ có giá,"Ngân hàng thương mại cổ phần Quốc Tế Việt NamTầng 1 (Tầng trệt) và Tầng 2 Toà nhà Sailing Tower, Số 111A Pasteur, Phường Bến Nghé, Quận 1Thành phố Hồ Chí Minh, Việt NamThuyết minh báo cáo tài chính riêng cho năm kết thúc ngày 31 tháng 12 năm 2022 (tiếp theo) | Từ 3 đến6 thángTriệu VND",7.053.000,7053000.0,7053000000000.0,False,False
VIB_financial_statements_2022_separate|table_101,VIB_financial_statements_2022_separate,VIB,2022,separate,MILLION_VND,15,6,Phát hành giấy tờ có giá,"Ngân hàng thương mại cổ phần Quốc Tế Việt NamTầng 1 (Tầng trệt) và Tầng 2 Toà nhà Sailing Tower, Số 111A Pasteur, Phường Bến Nghé, Quận 1Thành phố Hồ Chí Minh, Việt NamThuyết minh báo cáo tài chính riêng cho năm kết thúc ngày 31 tháng 12 năm 2022 (tiếp theo) | Từ 6 đến12 thángTriệu VND",13.006.500,13006500.0,13006500000000.0,False,False
VIB_financial_statements_2022_separate|table_101,VIB_financial_statements_2022_separate,VIB,2022,separate,MILLION_VND,15,7,Phát hành giấy tờ có giá,"Ngân hàng thương mại cổ phần Quốc Tế Việt NamTầng 1 (Tầng trệt) và Tầng 2 Toà nhà Sailing Tower, Số 111A Pasteur, Phường Bến Nghé, Quận 1Thành phố Hồ Chí Minh, Việt NamThuyết minh báo cáo tài chính riêng cho năm kết thúc ngày 31 tháng 12 năm 2022 (tiếp theo) | Từ 1 đến5 nămTriệu VND",17.426.389,17426389.0,17426389000000.0,False,False
VIB_financial_statements_2022_separate|table_101,VIB_financial_statements_2022_separate,VIB,2022,separate,MILLION_VND,15,8,Phát hành giấy tờ có giá,"Ngân hàng thương mại cổ phần Quốc Tế Việt NamTầng 1 (Tầng trệt) và Tầng 2 Toà nhà Sailing Tower, Số 111A Pasteur, Phường Bến Nghé, Quận 1Thành phố Hồ Chí Minh, Việt NamThuyết minh báo cáo tài chính riêng cho năm kết thúc ngày 31 tháng 12 năm 2022 (tiếp theo) | Trên 5 nămTriệu VND",-,0.0,0.0,True,False
VIB_financial_statements_2022_separate|table_101,VIB_financial_statements_2022_separate,VIB,2022,separate,MILLION_VND,15,9,Phát hành giấy tờ có giá,"Ngân hàng thương mại cổ phần Quốc Tế Việt NamTầng 1 (Tầng trệt) và Tầng 2 Toà nhà Sailing Tower, Số 111A Pasteur, Phường Bến Nghé, Quận 1Thành phố Hồ Chí Minh, Việt NamThuyết minh báo cáo tài chính riêng cho năm kết thúc ngày 31 tháng 12 năm 2022 (tiếp theo) | Tổng cộngTriệu VND",42.298.182,42298182.0,42298182000000.0,False,False
VIB_financial_statements_2022_separate|table_101,VIB_financial_statements_2022_separate,VIB,2022,separate,MILLION_VND,15,10,Phát hành giấy tờ có giá,"Ngân hàng thương mại cổ phần Quốc Tế Việt NamTầng 1 (Tầng trệt) và Tầng 2 Toà nhà Sailing Tower, Số 111A Pasteur, Phường Bến Nghé, Quận 1Thành phố Hồ Chí Minh, Việt NamThuyết minh báo cáo tài chính riêng cho năm kết thúc ngày 31 tháng 12 năm 2022 (tiếp theo)__2",,,,False,True
VIB_financial_statements_2022_separate|table_101,VIB_financial_statements_2022_separate,VIB,2022,separate,MILLION_VND,16,0,Các khoản nợ khác,"Ngân hàng thương mại cổ phần Quốc Tế Việt NamTầng 1 (Tầng trệt) và Tầng 2 Toà nhà Sailing Tower, Số 111A Pasteur, Phường Bến Nghé, Quận 1Thành phố Hồ Chí Minh, Việt NamThuyết minh báo cáo tài chính riêng cho năm kết thúc ngày 31 tháng 12 năm 2022 (tiếp theo)",Các khoản nợ khác,,,False,False
VIB_financial_statements_2022_separate|table_101,VIB_financial_statements_2022_separate,VIB,2022,separate,MILLION_VND,16,1,Các khoản nợ khác,"Ngân hàng thương mại cổ phần Quốc Tế Việt NamTầng 1 (Tầng trệt) và Tầng 2 Toà nhà Sailing Tower, Số 111A Pasteur, Phường Bến Nghé, Quận 1Thành phố Hồ Chí Minh, Việt NamThuyết minh báo cáo tài chính riêng cho năm kết thúc ngày 31 tháng 12 năm 2022 (tiếp theo) | Quá hạnTriệu VND",-,0.0,0.0,True,False
VIB_financial_statements_2022_separate|table_101,VIB_financial_statements_2022_separate,VIB,2022,separate,MILLION_VND,16,2,Các khoản nợ khác,"Ngân hàng thương mại cổ phần Quốc Tế Việt NamTầng 1 (Tầng trệt) và Tầng 2 Toà nhà Sailing Tower, Số 111A Pasteur, Phường Bến Nghé, Quận 1Thành phố Hồ Chí Minh, Việt NamThuyết minh báo cáo tài chính riêng cho năm kết thúc ngày 31 tháng 12 năm 2022 (tiếp theo) | Khônghuống lãiTriệu VND",4.811.194,4811194.0,4811194000000.0,False,False
VIB_financial_statements_2022_separate|table_101,VIB_financial_statements_2022_separate,VIB,2022,separate,MILLION_VND,16,3,Các khoản nợ khác,"Ngân hàng thương mại cổ phần Quốc Tế Việt NamTầng 1 (Tầng trệt) và Tầng 2 Toà nhà Sailing Tower, Số 111A Pasteur, Phường Bến Nghé, Quận 1Thành phố Hồ Chí Minh, Việt NamThuyết minh báo cáo tài chính riêng cho năm kết thúc ngày 31 tháng 12 năm 2022 (tiếp theo) | Dưới1 thángTriệu VND",-,0.0,0.0,True,False
VIB_financial_statements_2022_separate|table_101,VIB_financial_statements_2022_separate,VIB,2022,separate,MILLION_VND,16,4,Các khoản nợ khác,"Ngân hàng thương mại cổ phần Quốc Tế Việt NamTầng 1 (Tầng trệt) và Tầng 2 Toà nhà Sailing Tower, Số 111A Pasteur, Phường Bến Nghé, Quận 1Thành phố Hồ Chí Minh, Việt NamThuyết minh báo cáo tài chính riêng cho năm kết thúc ngày 31 tháng 12 năm 2022 (tiếp theo) | Từ 1 đến3 thángTriệu VND",-,0.0,0.0,True,False
VIB_financial_statements_2022_separate|table_101,VIB_financial_statements_2022_separate,VIB,2022,separate,MILLION_VND,16,5,Các khoản nợ khác,"Ngân hàng thương mại cổ phần Quốc Tế Việt NamTầng 1 (Tầng trệt) và Tầng 2 Toà nhà Sailing Tower, Số 111A Pasteur, Phường Bến Nghé, Quận 1Thành phố Hồ Chí Minh, Việt NamThuyết minh báo cáo tài chính riêng cho năm kết thúc ngày 31 tháng 12 năm 2022 (tiếp theo) | Từ 3 đến6 thángTriệu VND",-,0.0,0.0,True,False
VIB_financial_statements_2022_separate|table_101,VIB_financial_statements_2022_separate,VIB,2022,separate,MILLION_VND,16,6,Các khoản nợ khác,"Ngân hàng thương mại cổ phần Quốc Tế Việt NamTầng 1 (Tầng trệt) và Tầng 2 Toà nhà Sailing Tower, Số 111A Pasteur, Phường Bến Nghé, Quận 1Thành phố Hồ Chí Minh, Việt NamThuyết minh báo cáo tài chính riêng cho năm kết thúc ngày 31 tháng 12 năm 2022 (tiếp theo) | Từ 6 đến12 thángTriệu VND",-,0.0,0.0,True,False
VIB_financial_statements_2022_separate|table_101,VIB_financial_statements_2022_separate,VIB,2022,separate,MILLION_VND,16,7,Các khoản nợ khác,"Ngân hàng thương mại cổ phần Quốc Tế Việt NamTầng 1 (Tầng trệt) và Tầng 2 Toà nhà Sailing Tower, Số 111A Pasteur, Phường Bến Nghé, Quận 1Thành phố Hồ Chí Minh, Việt NamThuyết minh báo cáo tài chính riêng cho năm kết thúc ngày 31 tháng 12 năm 2022 (tiếp theo) | Từ 1 đến5 nămTriệu VND",-,0.0,0.0,True,False
VIB_financial_statements_2022_separate|table_101,VIB_financial_statements_2022_separate,VIB,2022,separate,MILLION_VND,16,8,Các khoản nợ khác,"Ngân hàng thương mại cổ phần Quốc Tế Việt NamTầng 1 (Tầng trệt) và Tầng 2 Toà nhà Sailing Tower, Số 111A Pasteur, Phường Bến Nghé, Quận 1Thành phố Hồ Chí Minh, Việt NamThuyết minh báo cáo tài chính riêng cho năm kết thúc ngày 31 tháng 12 năm 2022 (tiếp theo) | Trên 5 nămTriệu VND",-,0.0,0.0,True,False
VIB_financial_statements_2022_separate|table_101,VIB_financial_statements_2022_separate,VIB,2022,separate,MILLION_VND,16,9,Các khoản nợ khác,"Ngân hàng thương mại cổ phần Quốc Tế Việt NamTầng 1 (Tầng trệt) và Tầng 2 Toà nhà Sailing Tower, Số 111A Pasteur, Phường Bến Nghé, Quận 1Thành phố Hồ Chí Minh, Việt NamThuyết minh báo cáo tài chính riêng cho năm kết thúc ngày 31 tháng 12 năm 2022 (tiếp theo) | Tổng cộngTriệu VND",4.811.194,4811194.0,4811194000000.0,False,False
VIB_financial_statements_2022_separate|table_101,VIB_financial_statements_2022_separate,VIB,2022,separate,MILLION_VND,16,10,Các khoản nợ khác,"Ngân hàng thương mại cổ phần Quốc Tế Việt NamTầng 1 (Tầng trệt) và Tầng 2 Toà nhà Sailing Tower, Số 111A Pasteur, Phường Bến Nghé, Quận 1Thành phố Hồ Chí Minh, Việt NamThuyết minh báo cáo tài chính riêng cho năm kết thúc ngày 31 tháng 12 năm 2022 (tiếp theo)__2",,,,False,True
VIB_financial_statements_2022_separate|table_101,VIB_financial_statements_2022_separate,VIB,2022,separate,MILLION_VND,17,0,,"Ngân hàng thương mại cổ phần Quốc Tế Việt NamTầng 1 (Tầng trệt) và Tầng 2 Toà nhà Sailing Tower, Số 111A Pasteur, Phường Bến Nghé, Quận 1Thành phố Hồ Chí Minh, Việt NamThuyết minh báo cáo tài chính riêng cho năm kết thúc ngày 31 tháng 12 năm 2022 (tiếp theo)",,,,False,True
VIB_financial_statements_2022_separate|table_101,VIB_financial_statements_2022_separate,VIB,2022,separate,MILLION_VND,17,1,,"Ngân hàng thương mại cổ phần Quốc Tế Việt NamTầng 1 (Tầng trệt) và Tầng 2 Toà nhà Sailing Tower, Số 111A Pasteur, Phường Bến Nghé, Quận 1Thành phố Hồ Chí Minh, Việt NamThuyết minh báo cáo tài chính riêng cho năm kết thúc ngày 31 tháng 12 năm 2022 (tiếp theo) | Quá hạnTriệu VND",-,0.0,0.0,True,False
VIB_financial_statements_2022_separate|table_101,VIB_financial_statements_2022_separate,VIB,2022,separate,MILLION_VND,17,2,,"Ngân hàng thương mại cổ phần Quốc Tế Việt NamTầng 1 (Tầng trệt) và Tầng 2 Toà nhà Sailing Tower, Số 111A Pasteur, Phường Bến Nghé, Quận 1Thành phố Hồ Chí Minh, Việt NamThuyết minh báo cáo tài chính riêng cho năm kết thúc ngày 31 tháng 12 năm 2022 (tiếp theo) | Khônghuống lãiTriệu VND",4.907.437,4907437.0,4907437000000.0,False,False
VIB_financial_statements_2022_separate|table_101,VIB_financial_statements_2022_separate,VIB,2022,separate,MILLION_VND,17,3,,"Ngân hàng thương mại cổ phần Quốc Tế Việt NamTầng 1 (Tầng trệt) và Tầng 2 Toà nhà Sailing Tower, Số 111A Pasteur, Phường Bến Nghé, Quận 1Thành phố Hồ Chí Minh, Việt NamThuyết minh báo cáo tài chính riêng cho năm kết thúc ngày 31 tháng 12 năm 2022 (tiếp theo) | Dưới1 thángTriệu VND",109.058.350,109058350.0,109058350000000.0,False,False
VIB_financial_statements_2022_separate|table_101,VIB_financial_statements_2022_separate,VIB,2022,separate,MILLION_VND,17,4,,"Ngân hàng thương mại cổ phần Quốc Tế Việt NamTầng 1 (Tầng trệt) và Tầng 2 Toà nhà Sailing Tower, Số 111A Pasteur, Phường Bến Nghé, Quận 1Thành phố Hồ Chí Minh, Việt NamThuyết minh báo cáo tài chính riêng cho năm kết thúc ngày 31 tháng 12 năm 2022 (tiếp theo) | Từ 1 đến3 thángTriệu VND",67.384.058,67384058.0,67384058000000.0,False,False
VIB_financial_statements_2022_separate|table_101,VIB_financial_statements_2022_separate,VIB,2022,separate,MILLION_VND,17,5,,"Ngân hàng thương mại cổ phần Quốc Tế Việt NamTầng 1 (Tầng trệt) và Tầng 2 Toà nhà Sailing Tower, Số 111A Pasteur, Phường Bến Nghé, Quận 1Thành phố Hồ Chí Minh, Việt NamThuyết minh báo cáo tài chính riêng cho năm kết thúc ngày 31 tháng 12 năm 2022 (tiếp theo) | Từ 3 đến6 thángTriệu VND",51.977.653,51977653.0,51977653000000.0,False,False
VIB_financial_statements_2022_separate|table_101,VIB_financial_statements_2022_separate,VIB,2022,separate,MILLION_VND,17,6,,"Ngân hàng thương mại cổ phần Quốc Tế Việt NamTầng 1 (Tầng trệt) và Tầng 2 Toà nhà Sailing Tower, Số 111A Pasteur, Phường Bến Nghé, Quận 1Thành phố Hồ Chí Minh, Việt NamThuyết minh báo cáo tài chính riêng cho năm kết thúc ngày 31 tháng 12 năm 2022 (tiếp theo) | Từ 6 đến12 thángTriệu VND",25.587.040,25587040.0,25587040000000.0,False,False
VIB_financial_statements_2022_separate|table_101,VIB_financial_statements_2022_separate,VIB,2022,separate,MILLION_VND,17,7,,"Ngân hàng thương mại cổ phần Quốc Tế Việt NamTầng 1 (Tầng trệt) và Tầng 2 Toà nhà Sailing Tower, Số 111A Pasteur, Phường Bến Nghé, Quận 1Thành phố Hồ Chí Minh, Việt NamThuyết minh báo cáo tài chính riêng cho năm kết thúc ngày 31 tháng 12 năm 2022 (tiếp theo) | Từ 1 đến5 nămTriệu VND",26.426.541,26426541.0,26426541000000.0,False,False
VIB_financial_statements_2022_separate|table_101,VIB_financial_statements_2022_separate,VIB,2022,separate,MILLION_VND,17,8,,"Ngân hàng thương mại cổ phần Quốc Tế Việt NamTầng 1 (Tầng trệt) và Tầng 2 Toà nhà Sailing Tower, Số 111A Pasteur, Phường Bến Nghé, Quận 1Thành phố Hồ Chí Minh, Việt NamThuyết minh báo cáo tài chính riêng cho năm kết thúc ngày 31 tháng 12 năm 2022 (tiếp theo) | Trên 5 nămTriệu VND",-,0.0,0.0,True,False
VIB_financial_statements_2022_separate|table_101,VIB_financial_statements_2022_separate,VIB,2022,separate,MILLION_VND,17,9,,"Ngân hàng thương mại cổ phần Quốc Tế Việt NamTầng 1 (Tầng trệt) và Tầng 2 Toà nhà Sailing Tower, Số 111A Pasteur, Phường Bến Nghé, Quận 1Thành phố Hồ Chí Minh, Việt NamThuyết minh báo cáo tài chính riêng cho năm kết thúc ngày 31 tháng 12 năm 2022 (tiếp theo) | Tổng cộngTriệu VND",285.341.079,285341079.0,285341079000000.0,False,False
VIB_financial_statements_2022_separate|table_101,VIB_financial_statements_2022_separate,VIB,2022,separate,MILLION_VND,17,10,,"Ngân hàng thương mại cổ phần Quốc Tế Việt NamTầng 1 (Tầng trệt) và Tầng 2 Toà nhà Sailing Tower, Số 111A Pasteur, Phường Bến Nghé, Quận 1Thành phố Hồ Chí Minh, Việt NamThuyết minh báo cáo tài chính riêng cho năm kết thúc ngày 31 tháng 12 năm 2022 (tiếp theo)__2",,,,False,True
VIB_financial_statements_2022_separate|table_101,VIB_financial_statements_2022_separate,VIB,2022,separate,MILLION_VND,18,0,Mức chênh lệch nhạy cảm với lãi suất - nội bằng,"Ngân hàng thương mại cổ phần Quốc Tế Việt NamTầng 1 (Tầng trệt) và Tầng 2 Toà nhà Sailing Tower, Số 111A Pasteur, Phường Bến Nghé, Quận 1Thành phố Hồ Chí Minh, Việt NamThuyết minh báo cáo tài chính riêng cho năm kết thúc ngày 31 tháng 12 năm 2022 (tiếp theo)",Mức chênh lệch nhạy cảm với lãi suất - nội bằng,,,False,False
VIB_financial_statements_2022_separate|table_101,VIB_financial_statements_2022_separate,VIB,2022,separate,MILLION_VND,18,1,Mức chênh lệch nhạy cảm với lãi suất - nội bằng,"Ngân hàng thương mại cổ phần Quốc Tế Việt NamTầng 1 (Tầng trệt) và Tầng 2 Toà nhà Sailing Tower, Số 111A Pasteur, Phường Bến Nghé, Quận 1Thành phố Hồ Chí Minh, Việt NamThuyết minh báo cáo tài chính riêng cho năm kết thúc ngày 31 tháng 12 năm 2022 (tiếp theo) | Quá hạnTriệu VND",1.813.241,1813241.0,1813241000000.0,False,False
VIB_financial_statements_2022_separate|table_101,VIB_financial_statements_2022_separate,VIB,2022,separate,MILLION_VND,18,2,Mức chênh lệch nhạy cảm với lãi suất - nội bằng,"Ngân hàng thương mại cổ phần Quốc Tế Việt NamTầng 1 (Tầng trệt) và Tầng 2 Toà nhà Sailing Tower, Số 111A Pasteur, Phường Bến Nghé, Quận 1Thành phố Hồ Chí Minh, Việt NamThuyết minh báo cáo tài chính riêng cho năm kết thúc ngày 31 tháng 12 năm 2022 (tiếp theo) | Khônghuống lãiTriệu VND",21.676.101,21676101.0,21676101000000.0,False,False
VIB_financial_statements_2022_separate|table_101,VIB_financial_statements_2022_separate,VIB,2022,separate,MILLION_VND,18,3,Mức chênh lệch nhạy cảm với lãi suất - nội bằng,"Ngân hàng thương mại cổ phần Quốc Tế Việt NamTầng 1 (Tầng trệt) và Tầng 2 Toà nhà Sailing Tower, Số 111A Pasteur, Phường Bến Nghé, Quận 1Thành phố Hồ Chí Minh, Việt NamThuyết minh báo cáo tài chính riêng cho năm kết thúc ngày 31 tháng 12 năm 2022 (tiếp theo) | Dưới1 thángTriệu VND",(45.740.871),-45740871.0,-45740871000000.0,False,False
VIB_financial_statements_2022_separate|table_101,VIB_financial_statements_2022_separate,VIB,2022,separate,MILLION_VND,18,4,Mức chênh lệch nhạy cảm với lãi suất - nội bằng,"Ngân hàng thương mại cổ phần Quốc Tế Việt NamTầng 1 (Tầng trệt) và Tầng 2 Toà nhà Sailing Tower, Số 111A Pasteur, Phường Bến Nghé, Quận 1Thành phố Hồ Chí Minh, Việt NamThuyết minh báo cáo tài chính riêng cho năm kết thúc ngày 31 tháng 12 năm 2022 (tiếp theo) | Từ 1 đến3 thángTriệu VND",44.911.569,44911569.0,44911569000000.0,False,False
VIB_financial_statements_2022_separate|table_101,VIB_financial_statements_2022_separate,VIB,2022,separate,MILLION_VND,18,5,Mức chênh lệch nhạy cảm với lãi suất - nội bằng,"Ngân hàng thương mại cổ phần Quốc Tế Việt NamTầng 1 (Tầng trệt) và Tầng 2 Toà nhà Sailing Tower, Số 111A Pasteur, Phường Bến Nghé, Quận 1Thành phố Hồ Chí Minh, Việt NamThuyết minh báo cáo tài chính riêng cho năm kết thúc ngày 31 tháng 12 năm 2022 (tiếp theo) | Từ 3 đến6 thángTriệu VND",6.119.054,6119054.0,6119054000000.0,False,False
VIB_financial_statements_2022_separate|table_101,VIB_financial_statements_2022_separate,VIB,2022,separate,MILLION_VND,18,6,Mức chênh lệch nhạy cảm với lãi suất - nội bằng,"Ngân hàng thương mại cổ phần Quốc Tế Việt NamTầng 1 (Tầng trệt) và Tầng 2 Toà nhà Sailing Tower, Số 111A Pasteur, Phường Bến Nghé, Quận 1Thành phố Hồ Chí Minh, Việt NamThuyết minh báo cáo tài chính riêng cho năm kết thúc ngày 31 tháng 12 năm 2022 (tiếp theo) | Từ 6 đến12 thángTriệu VND",11.546.468,11546468.0,11546468000000.0,False,False
VIB_financial_statements_2022_separate|table_101,VIB_financial_statements_2022_separate,VIB,2022,separate,MILLION_VND,18,7,Mức chênh lệch nhạy cảm với lãi suất - nội bằng,"Ngân hàng thương mại cổ phần Quốc Tế Việt NamTầng 1 (Tầng trệt) và Tầng 2 Toà nhà Sailing Tower, Số 111A Pasteur, Phường Bến Nghé, Quận 1Thành phố Hồ Chí Minh, Việt NamThuyết minh báo cáo tài chính riêng cho năm kết thúc ngày 31 tháng 12 năm 2022 (tiếp theo) | Từ 1 đến5 nămTriệu VND",(16.126.604),-16126604.0,-16126604000000.0,False,False
VIB_financial_statements_2022_separate|table_101,VIB_financial_statements_2022_separate,VIB,2022,separate,MILLION_VND,18,8,Mức chênh lệch nhạy cảm với lãi suất - nội bằng,"Ngân hàng thương mại cổ phần Quốc Tế Việt NamTầng 1 (Tầng trệt) và Tầng 2 Toà nhà Sailing Tower, Số 111A Pasteur, Phường Bến Nghé, Quận 1Thành phố Hồ Chí Minh, Việt NamThuyết minh báo cáo tài chính riêng cho năm kết thúc ngày 31 tháng 12 năm 2022 (tiếp theo) | Trên 5 nămTriệu VND",2.522.904,2522904.0,2522904000000.0,False,False
VIB_financial_statements_2022_separate|table_101,VIB_financial_statements_2022_separate,VIB,2022,separate,MILLION_VND,18,9,Mức chênh lệch nhạy cảm với lãi suất - nội bằng,"Ngân hàng thương mại cổ phần Quốc Tế Việt NamTầng 1 (Tầng trệt) và Tầng 2 Toà nhà Sailing Tower, Số 111A Pasteur, Phường Bến Nghé, Quận 1Thành phố Hồ Chí Minh, Việt NamThuyết minh báo cáo tài chính riêng cho năm kết thúc ngày 31 tháng 12 năm 2022 (tiếp theo) | Tổng cộngTriệu VND",26.721.862,26721862.0,26721862000000.0,False,False
VIB_financial_statements_2022_separate|table_101,VIB_financial_statements_2022_separate,VIB,2022,separate,MILLION_VND,18,10,Mức chênh lệch nhạy cảm với lãi suất - nội bằng,"Ngân hàng thương mại cổ phần Quốc Tế Việt NamTầng 1 (Tầng trệt) và Tầng 2 Toà nhà Sailing Tower, Số 111A Pasteur, Phường Bến Nghé, Quận 1Thành phố Hồ Chí Minh, Việt NamThuyết minh báo cáo tài chính riêng cho năm kết thúc ngày 31 tháng 12 năm 2022 (tiếp theo)__2",,,,False,True
VIB_financial_statements_2022_separate|table_101,VIB_financial_statements_2022_separate,VIB,2022,separate,MILLION_VND,19,0,Các cam kết ngoại bằng có tác độngtới mức độ nhạy cảm với lãi suất củacác tài sản và nợ phải trả (thuẩn),"Ngân hàng thương mại cổ phần Quốc Tế Việt NamTầng 1 (Tầng trệt) và Tầng 2 Toà nhà Sailing Tower, Số 111A Pasteur, Phường Bến Nghé, Quận 1Thành phố Hồ Chí Minh, Việt NamThuyết minh báo cáo tài chính riêng cho năm kết thúc ngày 31 tháng 12 năm 2022 (tiếp theo)",Các cam kết ngoại bằng có tác độngtới mức độ nhạy cảm với lãi suất củacác tài sản và nợ phải trả (thuẩn),,,False,False
VIB_financial_statements_2022_separate|table_101,VIB_financial_statements_2022_separate,VIB,2022,separate,MILLION_VND,19,1,Các cam kết ngoại bằng có tác độngtới mức độ nhạy cảm với lãi suất củacác tài sản và nợ phải trả (thuẩn),"Ngân hàng thương mại cổ phần Quốc Tế Việt NamTầng 1 (Tầng trệt) và Tầng 2 Toà nhà Sailing Tower, Số 111A Pasteur, Phường Bến Nghé, Quận 1Thành phố Hồ Chí Minh, Việt NamThuyết minh báo cáo tài chính riêng cho năm kết thúc ngày 31 tháng 12 năm 2022 (tiếp theo) | Quá hạnTriệu VND",-,0.0,0.0,True,False
VIB_financial_statements_2022_separate|table_101,VIB_financial_statements_2022_separate,VIB,2022,separate,MILLION_VND,19,2,Các cam kết ngoại bằng có tác độngtới mức độ nhạy cảm với lãi suất củacác tài sản và nợ phải trả (thuẩn),"Ngân hàng thương mại cổ phần Quốc Tế Việt NamTầng 1 (Tầng trệt) và Tầng 2 Toà nhà Sailing Tower, Số 111A Pasteur, Phường Bến Nghé, Quận 1Thành phố Hồ Chí Minh, Việt NamThuyết minh báo cáo tài chính riêng cho năm kết thúc ngày 31 tháng 12 năm 2022 (tiếp theo) | Khônghuống lãiTriệu VND",-,0.0,0.0,True,False
VIB_financial_statements_2022_separate|table_101,VIB_financial_statements_2022_separate,VIB,2022,separate,MILLION_VND,19,3,Các cam kết ngoại bằng có tác độngtới mức độ nhạy cảm với lãi suất củacác tài sản và nợ phải trả (thuẩn),"Ngân hàng thương mại cổ phần Quốc Tế Việt NamTầng 1 (Tầng trệt) và Tầng 2 Toà nhà Sailing Tower, Số 111A Pasteur, Phường Bến Nghé, Quận 1Thành phố Hồ Chí Minh, Việt NamThuyết minh báo cáo tài chính riêng cho năm kết thúc ngày 31 tháng 12 năm 2022 (tiếp theo) | Dưới1 thángTriệu VND",(67.495),-67495.0,-67495000000.0,False,False
VIB_financial_statements_2022_separate|table_101,VIB_financial_statements_2022_separate,VIB,2022,separate,MILLION_VND,19,4,Các cam kết ngoại bằng có tác độngtới mức độ nhạy cảm với lãi suất củacác tài sản và nợ phải trả (thuẩn),"Ngân hàng thương mại cổ phần Quốc Tế Việt NamTầng 1 (Tầng trệt) và Tầng 2 Toà nhà Sailing Tower, Số 111A Pasteur, Phường Bến Nghé, Quận 1Thành phố Hồ Chí Minh, Việt NamThuyết minh báo cáo tài chính riêng cho năm kết thúc ngày 31 tháng 12 năm 2022 (tiếp theo) | Từ 1 đến3 thángTriệu VND",(16.785),-16785.0,-16785000000.0,False,False
VIB_financial_statements_2022_separate|table_101,VIB_financial_statements_2022_separate,VIB,2022,separate,MILLION_VND,19,5,Các cam kết ngoại bằng có tác độngtới mức độ nhạy cảm với lãi suất củacác tài sản và nợ phải trả (thuẩn),"Ngân hàng thương mại cổ phần Quốc Tế Việt NamTầng 1 (Tầng trệt) và Tầng 2 Toà nhà Sailing Tower, Số 111A Pasteur, Phường Bến Nghé, Quận 1Thành phố Hồ Chí Minh, Việt NamThuyết minh báo cáo tài chính riêng cho năm kết thúc ngày 31 tháng 12 năm 2022 (tiếp theo) | Từ 3 đến6 thángTriệu VND",9.328,9328.0,9328000000.0,False,False
VIB_financial_statements_2022_separate|table_101,VIB_financial_statements_2022_separate,VIB,2022,separate,MILLION_VND,19,6,Các cam kết ngoại bằng có tác độngtới mức độ nhạy cảm với lãi suất củacác tài sản và nợ phải trả (thuẩn),"Ngân hàng thương mại cổ phần Quốc Tế Việt NamTầng 1 (Tầng trệt) và Tầng 2 Toà nhà Sailing Tower, Số 111A Pasteur, Phường Bến Nghé, Quận 1Thành phố Hồ Chí Minh, Việt NamThuyết minh báo cáo tài chính riêng cho năm kết thúc ngày 31 tháng 12 năm 2022 (tiếp theo) | Từ 6 đến12 thángTriệu VND",8.329,8329.0,8329000000.0,False,False
VIB_financial_statements_2022_separate|table_101,VIB_financial_statements_2022_separate,VIB,2022,separate,MILLION_VND,19,7,Các cam kết ngoại bằng có tác độngtới mức độ nhạy cảm với lãi suất củacác tài sản và nợ phải trả (thuẩn),"Ngân hàng thương mại cổ phần Quốc Tế Việt NamTầng 1 (Tầng trệt) và Tầng 2 Toà nhà Sailing Tower, Số 111A Pasteur, Phường Bến Nghé, Quận 1Thành phố Hồ Chí Minh, Việt NamThuyết minh báo cáo tài chính riêng cho năm kết thúc ngày 31 tháng 12 năm 2022 (tiếp theo) | Từ 1 đến5 nămTriệu VND",-,0.0,0.0,True,False
VIB_financial_statements_2022_separate|table_101,VIB_financial_statements_2022_separate,VIB,2022,separate,MILLION_VND,19,8,Các cam kết ngoại bằng có tác độngtới mức độ nhạy cảm với lãi suất củacác tài sản và nợ phải trả (thuẩn),"Ngân hàng thương mại cổ phần Quốc Tế Việt NamTầng 1 (Tầng trệt) và Tầng 2 Toà nhà Sailing Tower, Số 111A Pasteur, Phường Bến Nghé, Quận 1Thành phố Hồ Chí Minh, Việt NamThuyết minh báo cáo tài chính riêng cho năm kết thúc ngày 31 tháng 12 năm 2022 (tiếp theo) | Trên 5 nămTriệu VND",-,0.0,0.0,True,False
VIB_financial_statements_2022_separate|table_101,VIB_financial_statements_2022_separate,VIB,2022,separate,MILLION_VND,19,9,Các cam kết ngoại bằng có tác độngtới mức độ nhạy cảm với lãi suất củacác tài sản và nợ phải trả (thuẩn),"Ngân hàng thương mại cổ phần Quốc Tế Việt NamTầng 1 (Tầng trệt) và Tầng 2 Toà nhà Sailing Tower, Số 111A Pasteur, Phường Bến Nghé, Quận 1Thành phố Hồ Chí Minh, Việt NamThuyết minh báo cáo tài chính riêng cho năm kết thúc ngày 31 tháng 12 năm 2022 (tiếp theo) | Tổng cộngTriệu VND",(66.623),-66623.0,-66623000000.0,False,False
VIB_financial_statements_2022_separate|table_101,VIB_financial_statements_2022_separate,VIB,2022,separate,MILLION_VND,19,10,Các cam kết ngoại bằng có tác độngtới mức độ nhạy cảm với lãi suất củacác tài sản và nợ phải trả (thuẩn),"Ngân hàng thương mại cổ phần Quốc Tế Việt NamTầng 1 (Tầng trệt) và Tầng 2 Toà nhà Sailing Tower, Số 111A Pasteur, Phường Bến Nghé, Quận 1Thành phố Hồ Chí Minh, Việt NamThuyết minh báo cáo tài chính riêng cho năm kết thúc ngày 31 tháng 12 năm 2022 (tiếp theo)__2",,,,False,True
VIB_financial_statements_2022_separate|table_101,VIB_financial_statements_2022_separate,VIB,2022,separate,MILLION_VND,20,0,"Mức chênh nhạy cảm với lãi suất nội,ngoại bằng","Ngân hàng thương mại cổ phần Quốc Tế Việt NamTầng 1 (Tầng trệt) và Tầng 2 Toà nhà Sailing Tower, Số 111A Pasteur, Phường Bến Nghé, Quận 1Thành phố Hồ Chí Minh, Việt NamThuyết minh báo cáo tài chính riêng cho năm kết thúc ngày 31 tháng 12 năm 2022 (tiếp theo)","Mức chênh nhạy cảm với lãi suất nội,ngoại bằng",,,False,False
VIB_financial_statements_2022_separate|table_101,VIB_financial_statements_2022_separate,VIB,2022,separate,MILLION_VND,20,1,"Mức chênh nhạy cảm với lãi suất nội,ngoại bằng","Ngân hàng thương mại cổ phần Quốc Tế Việt NamTầng 1 (Tầng trệt) và Tầng 2 Toà nhà Sailing Tower, Số 111A Pasteur, Phường Bến Nghé, Quận 1Thành phố Hồ Chí Minh, Việt NamThuyết minh báo cáo tài chính riêng cho năm kết thúc ngày 31 tháng 12 năm 2022 (tiếp theo) | Quá hạnTriệu VND",1.813.241,1813241.0,1813241000000.0,False,False
VIB_financial_statements_2022_separate|table_101,VIB_financial_statements_2022_separate,VIB,2022,separate,MILLION_VND,20,2,"Mức chênh nhạy cảm với lãi suất nội,ngoại bằng","Ngân hàng thương mại cổ phần Quốc Tế Việt NamTầng 1 (Tầng trệt) và Tầng 2 Toà nhà Sailing Tower, Số 111A Pasteur, Phường Bến Nghé, Quận 1Thành phố Hồ Chí Minh, Việt NamThuyết minh báo cáo tài chính riêng cho năm kết thúc ngày 31 tháng 12 năm 2022 (tiếp theo) | Khônghuống lãiTriệu VND",21.676.101,21676101.0,21676101000000.0,False,False
VIB_financial_statements_2022_separate|table_101,VIB_financial_statements_2022_separate,VIB,2022,separate,MILLION_VND,20,3,"Mức chênh nhạy cảm với lãi suất nội,ngoại bằng","Ngân hàng thương mại cổ phần Quốc Tế Việt NamTầng 1 (Tầng trệt) và Tầng 2 Toà nhà Sailing Tower, Số 111A Pasteur, Phường Bến Nghé, Quận 1Thành phố Hồ Chí Minh, Việt NamThuyết minh báo cáo tài chính riêng cho năm kết thúc ngày 31 tháng 12 năm 2022 (tiếp theo) | Dưới1 thángTriệu VND",(45.808.366),-45808366.0,-45808366000000.0,False,False
VIB_financial_statements_2022_separate|table_101,VIB_financial_statements_2022_separate,VIB,2022,separate,MILLION_VND,20,4,"Mức chênh nhạy cảm với lãi suất nội,ngoại bằng","Ngân hàng thương mại cổ phần Quốc Tế Việt NamTầng 1 (Tầng trệt) và Tầng 2 Toà nhà Sailing Tower, Số 111A Pasteur, Phường Bến Nghé, Quận 1Thành phố Hồ Chí Minh, Việt NamThuyết minh báo cáo tài chính riêng cho năm kết thúc ngày 31 tháng 12 năm 2022 (tiếp theo) | Từ 1 đến3 thángTriệu VND",44.894.784,44894784.0,44894784000000.0,False,False
VIB_financial_statements_2022_separate|table_101,VIB_financial_statements_2022_separate,VIB,2022,separate,MILLION_VND,20,5,"Mức chênh nhạy cảm với lãi suất nội,ngoại bằng","Ngân hàng thương mại cổ phần Quốc Tế Việt NamTầng 1 (Tầng trệt) và Tầng 2 Toà nhà Sailing Tower, Số 111A Pasteur, Phường Bến Nghé, Quận 1Thành phố Hồ Chí Minh, Việt NamThuyết minh báo cáo tài chính riêng cho năm kết thúc ngày 31 tháng 12 năm 2022 (tiếp theo) | Từ 3 đến6 thángTriệu VND",6.128.382,6128382.0,6128382000000.0,False,False
VIB_financial_statements_2022_separate|table_101,VIB_financial_statements_2022_separate,VIB,2022,separate,MILLION_VND,20,6,"Mức chênh nhạy cảm với lãi suất nội,ngoại bằng","Ngân hàng thương mại cổ phần Quốc Tế Việt NamTầng 1 (Tầng trệt) và Tầng 2 Toà nhà Sailing Tower, Số 111A Pasteur, Phường Bến Nghé, Quận 1Thành phố Hồ Chí Minh, Việt NamThuyết minh báo cáo tài chính riêng cho năm kết thúc ngày 31 tháng 12 năm 2022 (tiếp theo) | Từ 6 đến12 thángTriệu VND",11.554.797,11554797.0,11554797000000.0,False,False
VIB_financial_statements_2022_separate|table_101,VIB_financial_statements_2022_separate,VIB,2022,separate,MILLION_VND,20,7,"Mức chênh nhạy cảm với lãi suất nội,ngoại bằng","Ngân hàng thương mại cổ phần Quốc Tế Việt NamTầng 1 (Tầng trệt) và Tầng 2 Toà nhà Sailing Tower, Số 111A Pasteur, Phường Bến Nghé, Quận 1Thành phố Hồ Chí Minh, Việt NamThuyết minh báo cáo tài chính riêng cho năm kết thúc ngày 31 tháng 12 năm 2022 (tiếp theo) | Từ 1 đến5 nămTriệu VND",(16.126.604),-16126604.0,-16126604000000.0,False,False
VIB_financial_statements_2022_separate|table_101,VIB_financial_statements_2022_separate,VIB,2022,separate,MILLION_VND,20,8,"Mức chênh nhạy cảm với lãi suất nội,ngoại bằng","Ngân hàng thương mại cổ phần Quốc Tế Việt NamTầng 1 (Tầng trệt) và Tầng 2 Toà nhà Sailing Tower, Số 111A Pasteur, Phường Bến Nghé, Quận 1Thành phố Hồ Chí Minh, Việt NamThuyết minh báo cáo tài chính riêng cho năm kết thúc ngày 31 tháng 12 năm 2022 (tiếp theo) | Trên 5 nămTriệu VND",2.522.904,2522904.0,2522904000000.0,False,False
VIB_financial_statements_2022_separate|table_101,VIB_financial_statements_2022_separate,VIB,2022,separate,MILLION_VND,20,9,"Mức chênh nhạy cảm với lãi suất nội,ngoại bằng","Ngân hàng thương mại cổ phần Quốc Tế Việt NamTầng 1 (Tầng trệt) và Tầng 2 Toà nhà Sailing Tower, Số 111A Pasteur, Phường Bến Nghé, Quận 1Thành phố Hồ Chí Minh, Việt NamThuyết minh báo cáo tài chính riêng cho năm kết thúc ngày 31 tháng 12 năm 2022 (tiếp theo) | Tổng cộngTriệu VND",26.655.239,26655239.0,26655239000000.0,False,False
VIB_financial_statements_2022_separate|table_101,VIB_financial_statements_2022_separate,VIB,2022,separate,MILLION_VND,20,10,"Mức chênh nhạy cảm với lãi suất nội,ngoại bằng","Ngân hàng thương mại cổ phần Quốc Tế Việt NamTầng 1 (Tầng trệt) và Tầng 2 Toà nhà Sailing Tower, Số 111A Pasteur, Phường Bến Nghé, Quận 1Thành phố Hồ Chí Minh, Việt NamThuyết minh báo cáo tài chính riêng cho năm kết thúc ngày 31 tháng 12 năm 2022 (tiếp theo)__2",,,,False,True
